# generato da tools/redteam/boundary.py: non modificare a mano
Z 1000000 0 0 0 100 0
M 0 18446744073709551615 err ZeroAmount 1000000 0 0 0
Z 1000000 0 0 0 100 0
R 0 0 err ZeroAmount 1000000 0 0 0
Z 1000000 0 0 0 100 0
M 1 18446744073709551615 ok 1 0 0 1000000000 1000000000 0 1
Z 1000000 0 0 0 100 0
R 1 0 err ExceedsSupply 1000000 0 0 0
Z 1000000 0 0 0 100 0
M 2 18446744073709551615 ok 1 0 0 500000000 1000000000 0 2
Z 1000000 0 0 0 100 0
R 2 0 err ExceedsSupply 1000000 0 0 0
Z 1000000 0 0 0 100 0
M 18446744073709551614 18446744073709551615 ok 18520531050004390 36893488147419 36893488147419 1000000 18446744073709551614000000 386000000 18446744073709551614
Z 1000000 0 0 0 100 0
R 18446744073709551614 0 err ExceedsSupply 1000000 0 0 0
Z 1000000 0 0 0 100 0
M 18446744073709551615 18446744073709551615 ok 18520531050004390 36893488147419 36893488147419 1000000 18446744073709551615000000 385000000 18446744073709551615
Z 1000000 0 0 0 100 0
R 18446744073709551615 0 err ExceedsSupply 1000000 0 0 0
Z 1000000 0 0 0 100 0
D 0 err ZeroAmount 1000000 0 0 0
Z 1000000 0 0 0 100 0
D 1 err NoHolders 1000000 0 0 0
Z 1000000 0 0 0 100 0
D 2 err NoHolders 1000000 0 0 0
Z 1000000 0 0 0 100 0
D 18446744073709551614 err NoHolders 1000000 0 0 0
Z 1000000 0 0 0 100 0
D 18446744073709551615 err NoHolders 1000000 0 0 0
Z 1000000 0 0 0 100 0
M 1 0 err Slippage 1000000 0 0 0
Z 1000000 0 0 0 100 0
M 1 1 ok 1 0 0 1000000000 1000000000 0 1
Z 1000000 0 0 0 100 0
M 1 2 ok 1 0 0 1000000000 1000000000 0 1
Z 1000000 0 0 0 100 0
M 7 0 err Slippage 1000000 0 0 0
Z 1000000 0 0 0 100 0
M 7 1 ok 1 0 0 142857142 999999994 6 7
Z 1000000 0 0 0 100 0
M 7 2 ok 1 0 0 142857142 999999994 6 7
Z 1000000 0 0 0 1000 1000
M 0 18446744073709551615 err ZeroAmount 1000000 0 0 0
Z 1000000 0 0 0 1000 1000
R 0 0 err ZeroAmount 1000000 0 0 0
Z 1000000 0 0 0 1000 1000
M 1 18446744073709551615 ok 1 0 0 1000000000 1000000000 0 1
Z 1000000 0 0 0 1000 1000
R 1 0 err ExceedsSupply 1000000 0 0 0
Z 1000000 0 0 0 1000 1000
M 2 18446744073709551615 ok 1 0 0 500000000 1000000000 0 2
Z 1000000 0 0 0 1000 1000
R 2 0 err ExceedsSupply 1000000 0 0 0
Z 1000000 0 0 0 1000 1000
M 18446744073709551614 18446744073709551615 ok 18520531050004390 36893488147419 36893488147419 1000000 18446744073709551614000000 386000000 18446744073709551614
Z 1000000 0 0 0 1000 1000
R 18446744073709551614 0 err ExceedsSupply 1000000 0 0 0
Z 1000000 0 0 0 1000 1000
M 18446744073709551615 18446744073709551615 ok 18520531050004390 36893488147419 36893488147419 1000000 18446744073709551615000000 385000000 18446744073709551615
Z 1000000 0 0 0 1000 1000
R 18446744073709551615 0 err ExceedsSupply 1000000 0 0 0
Z 1000000 0 0 0 1000 1000
D 0 err ZeroAmount 1000000 0 0 0
Z 1000000 0 0 0 1000 1000
D 1 err NoHolders 1000000 0 0 0
Z 1000000 0 0 0 1000 1000
D 2 err NoHolders 1000000 0 0 0
Z 1000000 0 0 0 1000 1000
D 18446744073709551614 err NoHolders 1000000 0 0 0
Z 1000000 0 0 0 1000 1000
D 18446744073709551615 err NoHolders 1000000 0 0 0
Z 1000000 0 0 0 1000 1000
M 1 0 err Slippage 1000000 0 0 0
Z 1000000 0 0 0 1000 1000
M 1 1 ok 1 0 0 1000000000 1000000000 0 1
Z 1000000 0 0 0 1000 1000
M 1 2 ok 1 0 0 1000000000 1000000000 0 1
Z 1000000 0 0 0 1000 1000
M 7 0 err Slippage 1000000 0 0 0
Z 1000000 0 0 0 1000 1000
M 7 1 ok 1 0 0 142857142 999999994 6 7
Z 1000000 0 0 0 1000 1000
M 7 2 ok 1 0 0 142857142 999999994 6 7
Z 1000000 0 0 0 200 100
M 0 18446744073709551615 err ZeroAmount 1000000 0 0 0
Z 1000000 0 0 0 200 100
R 0 0 err ZeroAmount 1000000 0 0 0
Z 1000000 0 0 0 200 100
M 1 18446744073709551615 ok 1 0 0 1000000000 1000000000 0 1
Z 1000000 0 0 0 200 100
R 1 0 err ExceedsSupply 1000000 0 0 0
Z 1000000 0 0 0 200 100
M 2 18446744073709551615 ok 1 0 0 500000000 1000000000 0 2
Z 1000000 0 0 0 200 100
R 2 0 err ExceedsSupply 1000000 0 0 0
Z 1000000 0 0 0 200 100
M 18446744073709551614 18446744073709551615 ok 18520531050004390 36893488147419 36893488147419 1000000 18446744073709551614000000 386000000 18446744073709551614
Z 1000000 0 0 0 200 100
R 18446744073709551614 0 err ExceedsSupply 1000000 0 0 0
Z 1000000 0 0 0 200 100
M 18446744073709551615 18446744073709551615 ok 18520531050004390 36893488147419 36893488147419 1000000 18446744073709551615000000 385000000 18446744073709551615
Z 1000000 0 0 0 200 100
R 18446744073709551615 0 err ExceedsSupply 1000000 0 0 0
Z 1000000 0 0 0 200 100
D 0 err ZeroAmount 1000000 0 0 0
Z 1000000 0 0 0 200 100
D 1 err NoHolders 1000000 0 0 0
Z 1000000 0 0 0 200 100
D 2 err NoHolders 1000000 0 0 0
Z 1000000 0 0 0 200 100
D 18446744073709551614 err NoHolders 1000000 0 0 0
Z 1000000 0 0 0 200 100
D 18446744073709551615 err NoHolders 1000000 0 0 0
Z 1000000 0 0 0 200 100
M 1 0 err Slippage 1000000 0 0 0
Z 1000000 0 0 0 200 100
M 1 1 ok 1 0 0 1000000000 1000000000 0 1
Z 1000000 0 0 0 200 100
M 1 2 ok 1 0 0 1000000000 1000000000 0 1
Z 1000000 0 0 0 200 100
M 7 0 err Slippage 1000000 0 0 0
Z 1000000 0 0 0 200 100
M 7 1 ok 1 0 0 142857142 999999994 6 7
Z 1000000 0 0 0 200 100
M 7 2 ok 1 0 0 142857142 999999994 6 7
Z 1000000 1000000000000000 0 1000000000 100 0
M 0 18446744073709551615 err ZeroAmount 1000000 1000000000000000 0 1000000000
Z 1000000 1000000000000000 0 1000000000 100 0
R 0 0 err ZeroAmount 1000000 1000000000000000 0 1000000000
Z 1000000 1000000000000000 0 1000000000 100 0
M 1 18446744073709551615 ok 1 0 0 1000000 1000000001000000 999000000 1000000001
Z 1000000 1000000000000000 0 1000000000 100 0
R 1 0 err ZeroPayout 1000000 1000000000000000 0 1000000000
Z 1000000 1000000000000000 0 1000000000 100 0
M 2 18446744073709551615 ok 1 0 0 1000000 1000000002000000 998000000 1000000002
Z 1000000 1000000000000000 0 1000000000 100 0
R 2 0 err ZeroPayout 1000000 1000000000000000 0 1000000000
Z 1000000 1000000000000000 0 1000000000 100 0
M 999999999 18446744073709551615 ok 1004000 2000 2000 1000000 1999999999000000 1000000 1999999999
Z 1000000 1000000000000000 0 1000000000 100 0
R 999999999 0 ok 986040 1980 1979 10001000000000 10001000000000 0 1
Z 1000000 1000000000000000 0 1000000000 100 0
M 1000000000 18446744073709551615 ok 1004000 2000 2000 1000000 2000000000000000 0 2000000000
Z 1000000 1000000000000000 0 1000000000 100 0
R 1000000000 0 ok 986040 1980 1980 1000000 0 0 0
Z 1000000 1000000000000000 0 1000000000 100 0
M 1000000001 18446744073709551615 ok 1004001 2000 2000 1000000 2000000001000000 999000000 2000000001
Z 1000000 1000000000000000 0 1000000000 100 0
R 1000000001 0 err ExceedsSupply 1000000 1000000000000000 0 1000000000
Z 1000000 1000000000000000 0 1000000000 100 0
M 18446744073709551614 18446744073709551615 err Overflow 1000000 1000000000000000 0 1000000000
Z 1000000 1000000000000000 0 1000000000 100 0
R 18446744073709551614 0 err ExceedsSupply 1000000 1000000000000000 0 1000000000
Z 1000000 1000000000000000 0 1000000000 100 0
M 18446744073709551615 18446744073709551615 err Overflow 1000000 1000000000000000 0 1000000000
Z 1000000 1000000000000000 0 1000000000 100 0
R 18446744073709551615 0 err ExceedsSupply 1000000 1000000000000000 0 1000000000
Z 1000000 1000000000000000 0 1000000000 100 0
D 0 err ZeroAmount 1000000 1000000000000000 0 1000000000
Z 1000000 1000000000000000 0 1000000000 100 0
D 1 ok 1000001 1000001000000000 0 1000000000
Z 1000000 1000000000000000 0 1000000000 100 0
D 2 ok 1000002 1000002000000000 0 1000000000
Z 1000000 1000000000000000 0 1000000000 100 0
D 18446744073709551614 ok 18446744073710551614 18446744073710551614000000000 0 1000000000
Z 1000000 1000000000000000 0 1000000000 100 0
D 18446744073709551615 ok 18446744073710551615 18446744073710551615000000000 0 1000000000
Z 1000000 1000000000000000 0 1000000000 100 0
M 1 0 err Slippage 1000000 1000000000000000 0 1000000000
Z 1000000 1000000000000000 0 1000000000 100 0
M 1 1 ok 1 0 0 1000000 1000000001000000 999000000 1000000001
Z 1000000 1000000000000000 0 1000000000 100 0
M 1 2 ok 1 0 0 1000000 1000000001000000 999000000 1000000001
Z 1000000 1000000000000000 0 1000000000 100 0
M 7 0 err Slippage 1000000 1000000000000000 0 1000000000
Z 1000000 1000000000000000 0 1000000000 100 0
M 7 1 ok 1 0 0 1000000 1000000007000000 993000000 1000000007
Z 1000000 1000000000000000 0 1000000000 100 0
M 7 2 ok 1 0 0 1000000 1000000007000000 993000000 1000000007
Z 1000000 1000000000000000 0 1000000000 1000 1000
M 0 18446744073709551615 err ZeroAmount 1000000 1000000000000000 0 1000000000
Z 1000000 1000000000000000 0 1000000000 1000 1000
R 0 0 err ZeroAmount 1000000 1000000000000000 0 1000000000
Z 1000000 1000000000000000 0 1000000000 1000 1000
M 1 18446744073709551615 ok 1 0 0 1000000 1000000001000000 999000000 1000000001
Z 1000000 1000000000000000 0 1000000000 1000 1000
R 1 0 err ZeroPayout 1000000 1000000000000000 0 1000000000
Z 1000000 1000000000000000 0 1000000000 1000 1000
M 2 18446744073709551615 ok 1 0 0 1000000 1000000002000000 998000000 1000000002
Z 1000000 1000000000000000 0 1000000000 1000 1000
R 2 0 err ZeroPayout 1000000 1000000000000000 0 1000000000
Z 1000000 1000000000000000 0 1000000000 1000 1000
M 999999999 18446744073709551615 ok 1204398 2200 2199 1099999 2199997998900001 1001099999 1999999999
Z 1000000 1000000000000000 0 1000000000 1000 1000
R 999999999 0 ok 896400 1800 1799 100001000000000 100001000000000 0 1
Z 1000000 1000000000000000 0 1000000000 1000 1000
M 1000000000 18446744073709551615 ok 1204400 2200 2200 1100000 2200000000000000 0 2000000000
Z 1000000 1000000000000000 0 1000000000 1000 1000
R 1000000000 0 ok 896400 1800 1800 1000000 0 0 0
Z 1000000 1000000000000000 0 1000000000 1000 1000
M 1000000001 18446744073709551615 ok 1204401 2200 2200 1100000 2200000001100000 998900000 2000000001
Z 1000000 1000000000000000 0 1000000000 1000 1000
R 1000000001 0 err ExceedsSupply 1000000 1000000000000000 0 1000000000
Z 1000000 1000000000000000 0 1000000000 1000 1000
M 18446744073709551614 18446744073709551615 err Overflow|Slippage 1000000 1000000000000000 0 1000000000
Z 1000000 1000000000000000 0 1000000000 1000 1000
R 18446744073709551614 0 err ExceedsSupply 1000000 1000000000000000 0 1000000000
Z 1000000 1000000000000000 0 1000000000 1000 1000
M 18446744073709551615 18446744073709551615 err Overflow|Slippage 1000000 1000000000000000 0 1000000000
Z 1000000 1000000000000000 0 1000000000 1000 1000
R 18446744073709551615 0 err ExceedsSupply 1000000 1000000000000000 0 1000000000
Z 1000000 1000000000000000 0 1000000000 1000 1000
D 0 err ZeroAmount 1000000 1000000000000000 0 1000000000
Z 1000000 1000000000000000 0 1000000000 1000 1000
D 1 ok 1000001 1000001000000000 0 1000000000
Z 1000000 1000000000000000 0 1000000000 1000 1000
D 2 ok 1000002 1000002000000000 0 1000000000
Z 1000000 1000000000000000 0 1000000000 1000 1000
D 18446744073709551614 ok 18446744073710551614 18446744073710551614000000000 0 1000000000
Z 1000000 1000000000000000 0 1000000000 1000 1000
D 18446744073709551615 ok 18446744073710551615 18446744073710551615000000000 0 1000000000
Z 1000000 1000000000000000 0 1000000000 1000 1000
M 1 0 err Slippage 1000000 1000000000000000 0 1000000000
Z 1000000 1000000000000000 0 1000000000 1000 1000
M 1 1 ok 1 0 0 1000000 1000000001000000 999000000 1000000001
Z 1000000 1000000000000000 0 1000000000 1000 1000
M 1 2 ok 1 0 0 1000000 1000000001000000 999000000 1000000001
Z 1000000 1000000000000000 0 1000000000 1000 1000
M 7 0 err Slippage 1000000 1000000000000000 0 1000000000
Z 1000000 1000000000000000 0 1000000000 1000 1000
M 7 1 ok 1 0 0 1000000 1000000007000000 993000000 1000000007
Z 1000000 1000000000000000 0 1000000000 1000 1000
M 7 2 ok 1 0 0 1000000 1000000007000000 993000000 1000000007
Z 1000000 1000000000000000 0 1000000000 200 100
M 0 18446744073709551615 err ZeroAmount 1000000 1000000000000000 0 1000000000
Z 1000000 1000000000000000 0 1000000000 200 100
R 0 0 err ZeroAmount 1000000 1000000000000000 0 1000000000
Z 1000000 1000000000000000 0 1000000000 200 100
M 1 18446744073709551615 ok 1 0 0 1000000 1000000001000000 999000000 1000000001
Z 1000000 1000000000000000 0 1000000000 200 100
R 1 0 err ZeroPayout 1000000 1000000000000000 0 1000000000
Z 1000000 1000000000000000 0 1000000000 200 100
M 2 18446744073709551615 ok 1 0 0 1000000 1000000002000000 998000000 1000000002
Z 1000000 1000000000000000 0 1000000000 200 100
R 2 0 err ZeroPayout 1000000 1000000000000000 0 1000000000
Z 1000000 1000000000000000 0 1000000000 200 100
M 999999999 18446744073709551615 ok 1024038 2020 2019 1009999 2019997998990001 1001009999 1999999999
Z 1000000 1000000000000000 0 1000000000 200 100
R 999999999 0 ok 976080 1960 1959 20001000000000 20001000000000 0 1
Z 1000000 1000000000000000 0 1000000000 200 100
M 1000000000 18446744073709551615 ok 1024040 2020 2020 1010000 2020000000000000 0 2000000000
Z 1000000 1000000000000000 0 1000000000 200 100
R 1000000000 0 ok 976080 1960 1960 1000000 0 0 0
Z 1000000 1000000000000000 0 1000000000 200 100
M 1000000001 18446744073709551615 ok 1024041 2020 2020 1010000 2020000001010000 998990000 2000000001
Z 1000000 1000000000000000 0 1000000000 200 100
R 1000000001 0 err ExceedsSupply 1000000 1000000000000000 0 1000000000
Z 1000000 1000000000000000 0 1000000000 200 100
M 18446744073709551614 18446744073709551615 err Overflow|Slippage 1000000 1000000000000000 0 1000000000
Z 1000000 1000000000000000 0 1000000000 200 100
R 18446744073709551614 0 err ExceedsSupply 1000000 1000000000000000 0 1000000000
Z 1000000 1000000000000000 0 1000000000 200 100
M 18446744073709551615 18446744073709551615 err Overflow|Slippage 1000000 1000000000000000 0 1000000000
Z 1000000 1000000000000000 0 1000000000 200 100
R 18446744073709551615 0 err ExceedsSupply 1000000 1000000000000000 0 1000000000
Z 1000000 1000000000000000 0 1000000000 200 100
D 0 err ZeroAmount 1000000 1000000000000000 0 1000000000
Z 1000000 1000000000000000 0 1000000000 200 100
D 1 ok 1000001 1000001000000000 0 1000000000
Z 1000000 1000000000000000 0 1000000000 200 100
D 2 ok 1000002 1000002000000000 0 1000000000
Z 1000000 1000000000000000 0 1000000000 200 100
D 18446744073709551614 ok 18446744073710551614 18446744073710551614000000000 0 1000000000
Z 1000000 1000000000000000 0 1000000000 200 100
D 18446744073709551615 ok 18446744073710551615 18446744073710551615000000000 0 1000000000
Z 1000000 1000000000000000 0 1000000000 200 100
M 1 0 err Slippage 1000000 1000000000000000 0 1000000000
Z 1000000 1000000000000000 0 1000000000 200 100
M 1 1 ok 1 0 0 1000000 1000000001000000 999000000 1000000001
Z 1000000 1000000000000000 0 1000000000 200 100
M 1 2 ok 1 0 0 1000000 1000000001000000 999000000 1000000001
Z 1000000 1000000000000000 0 1000000000 200 100
M 7 0 err Slippage 1000000 1000000000000000 0 1000000000
Z 1000000 1000000000000000 0 1000000000 200 100
M 7 1 ok 1 0 0 1000000 1000000007000000 993000000 1000000007
Z 1000000 1000000000000000 0 1000000000 200 100
M 7 2 ok 1 0 0 1000000 1000000007000000 993000000 1000000007
Z 1000000 1000000000000000000000 0 1000000000000000 100 0
M 0 18446744073709551615 err ZeroAmount 1000000 1000000000000000000000 0 1000000000000000
Z 1000000 1000000000000000000000 0 1000000000000000 100 0
R 0 0 err ZeroAmount 1000000 1000000000000000000000 0 1000000000000000
Z 1000000 1000000000000000000000 0 1000000000000000 100 0
M 1 18446744073709551615 ok 1 0 0 1000000 1000000000000001000000 999000000 1000000000000001
Z 1000000 1000000000000000000000 0 1000000000000000 100 0
R 1 0 err ZeroPayout 1000000 1000000000000000000000 0 1000000000000000
Z 1000000 1000000000000000000000 0 1000000000000000 100 0
M 2 18446744073709551615 ok 1 0 0 1000000 1000000000000002000000 998000000 1000000000000002
Z 1000000 1000000000000000000000 0 1000000000000000 100 0
R 2 0 err ZeroPayout 1000000 1000000000000000000000 0 1000000000000000
Z 1000000 1000000000000000000000 0 1000000000000000 100 0
M 999999999999999 18446744073709551615 ok 1004000000000 2000000000 2000000000 1000000 1999999999999999000000 1000000 1999999999999999
Z 1000000 1000000000000000000000 0 1000000000000000 100 0
R 999999999999999 0 ok 986040000000 1980000000 1979999999 10000000001000000000 10000000001000000000 0 1
Z 1000000 1000000000000000000000 0 1000000000000000 100 0
M 1000000000000000 18446744073709551615 ok 1004000000000 2000000000 2000000000 1000000 2000000000000000000000 0 2000000000000000
Z 1000000 1000000000000000000000 0 1000000000000000 100 0
R 1000000000000000 0 ok 986040000000 1980000000 1980000000 1000000 0 0 0
Z 1000000 1000000000000000000000 0 1000000000000000 100 0
M 1000000000000001 18446744073709551615 ok 1004000000001 2000000000 2000000000 1000000 2000000000000001000000 999000000 2000000000000001
Z 1000000 1000000000000000000000 0 1000000000000000 100 0
R 1000000000000001 0 err ExceedsSupply 1000000 1000000000000000000000 0 1000000000000000
Z 1000000 1000000000000000000000 0 1000000000000000 100 0
M 18446744073709551614 18446744073709551615 err Overflow 1000000 1000000000000000000000 0 1000000000000000
Z 1000000 1000000000000000000000 0 1000000000000000 100 0
R 18446744073709551614 0 err ExceedsSupply 1000000 1000000000000000000000 0 1000000000000000
Z 1000000 1000000000000000000000 0 1000000000000000 100 0
M 18446744073709551615 18446744073709551615 err Overflow 1000000 1000000000000000000000 0 1000000000000000
Z 1000000 1000000000000000000000 0 1000000000000000 100 0
R 18446744073709551615 0 err ExceedsSupply 1000000 1000000000000000000000 0 1000000000000000
Z 1000000 1000000000000000000000 0 1000000000000000 100 0
D 0 err ZeroAmount 1000000 1000000000000000000000 0 1000000000000000
Z 1000000 1000000000000000000000 0 1000000000000000 100 0
D 1 ok 1000000 1000000000000000000000 1000000000 1000000000000000
Z 1000000 1000000000000000000000 0 1000000000000000 100 0
D 2 ok 1000000 1000000000000000000000 2000000000 1000000000000000
Z 1000000 1000000000000000000000 0 1000000000000000 100 0
D 18446744073709551614 ok 18446745073709 18446745073709000000000000000 551614000000000 1000000000000000
Z 1000000 1000000000000000000000 0 1000000000000000 100 0
D 18446744073709551615 ok 18446745073709 18446745073709000000000000000 551615000000000 1000000000000000
Z 1000000 1000000000000000000000 0 1000000000000000 100 0
M 1 0 err Slippage 1000000 1000000000000000000000 0 1000000000000000
Z 1000000 1000000000000000000000 0 1000000000000000 100 0
M 1 1 ok 1 0 0 1000000 1000000000000001000000 999000000 1000000000000001
Z 1000000 1000000000000000000000 0 1000000000000000 100 0
M 1 2 ok 1 0 0 1000000 1000000000000001000000 999000000 1000000000000001
Z 1000000 1000000000000000000000 0 1000000000000000 100 0
M 7 0 err Slippage 1000000 1000000000000000000000 0 1000000000000000
Z 1000000 1000000000000000000000 0 1000000000000000 100 0
M 7 1 ok 1 0 0 1000000 1000000000000007000000 993000000 1000000000000007
Z 1000000 1000000000000000000000 0 1000000000000000 100 0
M 7 2 ok 1 0 0 1000000 1000000000000007000000 993000000 1000000000000007
Z 1000000 1000000000000000000000 0 1000000000000000 1000 1000
M 0 18446744073709551615 err ZeroAmount 1000000 1000000000000000000000 0 1000000000000000
Z 1000000 1000000000000000000000 0 1000000000000000 1000 1000
R 0 0 err ZeroAmount 1000000 1000000000000000000000 0 1000000000000000
Z 1000000 1000000000000000000000 0 1000000000000000 1000 1000
M 1 18446744073709551615 ok 1 0 0 1000000 1000000000000001000000 999000000 1000000000000001
Z 1000000 1000000000000000000000 0 1000000000000000 1000 1000
R 1 0 err ZeroPayout 1000000 1000000000000000000000 0 1000000000000000
Z 1000000 1000000000000000000000 0 1000000000000000 1000 1000
M 2 18446744073709551615 ok 1 0 0 1000000 1000000000000002000000 998000000 1000000000000002
Z 1000000 1000000000000000000000 0 1000000000000000 1000 1000
R 2 0 err ZeroPayout 1000000 1000000000000000000000 0 1000000000000000
Z 1000000 1000000000000000000000 0 1000000000000000 1000 1000
M 999999999999999 18446744073709551615 ok 1204398996000 2199998000 2199998000 1099999 2199997999999998900001 1000000001099999 1999999999999999
Z 1000000 1000000000000000000000 0 1000000000000000 1000 1000
R 999999999999999 0 ok 896400000000 1800000000 1799999999 100000000001000000000 100000000001000000000 0 1
Z 1000000 1000000000000000000000 0 1000000000000000 1000 1000
M 1000000000000000 18446744073709551615 ok 1204400000000 2200000000 2200000000 1100000 2200000000000000000000 0 2000000000000000
Z 1000000 1000000000000000000000 0 1000000000000000 1000 1000
R 1000000000000000 0 ok 896400000000 1800000000 1800000000 1000000 0 0 0
Z 1000000 1000000000000000000000 0 1000000000000000 1000 1000
M 1000000000000001 18446744073709551615 ok 1204400000001 2200000000 2200000000 1100000 2200000000000001100000 998900000 2000000000000001
Z 1000000 1000000000000000000000 0 1000000000000000 1000 1000
R 1000000000000001 0 err ExceedsSupply 1000000 1000000000000000000000 0 1000000000000000
Z 1000000 1000000000000000000000 0 1000000000000000 1000 1000
M 18446744073709551614 18446744073709551615 err Overflow|Slippage 1000000 1000000000000000000000 0 1000000000000000
Z 1000000 1000000000000000000000 0 1000000000000000 1000 1000
R 18446744073709551614 0 err ExceedsSupply 1000000 1000000000000000000000 0 1000000000000000
Z 1000000 1000000000000000000000 0 1000000000000000 1000 1000
M 18446744073709551615 18446744073709551615 err Overflow|Slippage 1000000 1000000000000000000000 0 1000000000000000
Z 1000000 1000000000000000000000 0 1000000000000000 1000 1000
R 18446744073709551615 0 err ExceedsSupply 1000000 1000000000000000000000 0 1000000000000000
Z 1000000 1000000000000000000000 0 1000000000000000 1000 1000
D 0 err ZeroAmount 1000000 1000000000000000000000 0 1000000000000000
Z 1000000 1000000000000000000000 0 1000000000000000 1000 1000
D 1 ok 1000000 1000000000000000000000 1000000000 1000000000000000
Z 1000000 1000000000000000000000 0 1000000000000000 1000 1000
D 2 ok 1000000 1000000000000000000000 2000000000 1000000000000000
Z 1000000 1000000000000000000000 0 1000000000000000 1000 1000
D 18446744073709551614 ok 18446745073709 18446745073709000000000000000 551614000000000 1000000000000000
Z 1000000 1000000000000000000000 0 1000000000000000 1000 1000
D 18446744073709551615 ok 18446745073709 18446745073709000000000000000 551615000000000 1000000000000000
Z 1000000 1000000000000000000000 0 1000000000000000 1000 1000
M 1 0 err Slippage 1000000 1000000000000000000000 0 1000000000000000
Z 1000000 1000000000000000000000 0 1000000000000000 1000 1000
M 1 1 ok 1 0 0 1000000 1000000000000001000000 999000000 1000000000000001
Z 1000000 1000000000000000000000 0 1000000000000000 1000 1000
M 1 2 ok 1 0 0 1000000 1000000000000001000000 999000000 1000000000000001
Z 1000000 1000000000000000000000 0 1000000000000000 1000 1000
M 7 0 err Slippage 1000000 1000000000000000000000 0 1000000000000000
Z 1000000 1000000000000000000000 0 1000000000000000 1000 1000
M 7 1 ok 1 0 0 1000000 1000000000000007000000 993000000 1000000000000007
Z 1000000 1000000000000000000000 0 1000000000000000 1000 1000
M 7 2 ok 1 0 0 1000000 1000000000000007000000 993000000 1000000000000007
Z 1000000 1000000000000000000000 0 1000000000000000 200 100
M 0 18446744073709551615 err ZeroAmount 1000000 1000000000000000000000 0 1000000000000000
Z 1000000 1000000000000000000000 0 1000000000000000 200 100
R 0 0 err ZeroAmount 1000000 1000000000000000000000 0 1000000000000000
Z 1000000 1000000000000000000000 0 1000000000000000 200 100
M 1 18446744073709551615 ok 1 0 0 1000000 1000000000000001000000 999000000 1000000000000001
Z 1000000 1000000000000000000000 0 1000000000000000 200 100
R 1 0 err ZeroPayout 1000000 1000000000000000000000 0 1000000000000000
Z 1000000 1000000000000000000000 0 1000000000000000 200 100
M 2 18446744073709551615 ok 1 0 0 1000000 1000000000000002000000 998000000 1000000000000002
Z 1000000 1000000000000000000000 0 1000000000000000 200 100
R 2 0 err ZeroPayout 1000000 1000000000000000000000 0 1000000000000000
Z 1000000 1000000000000000000000 0 1000000000000000 200 100
M 999999999999999 18446744073709551615 ok 1024038996000 2019998000 2019998000 1009999 2019997999999998990001 1000000001009999 1999999999999999
Z 1000000 1000000000000000000000 0 1000000000000000 200 100
R 999999999999999 0 ok 976080000000 1960000000 1959999999 20000000001000000000 20000000001000000000 0 1
Z 1000000 1000000000000000000000 0 1000000000000000 200 100
M 1000000000000000 18446744073709551615 ok 1024040000000 2020000000 2020000000 1010000 2020000000000000000000 0 2000000000000000
Z 1000000 1000000000000000000000 0 1000000000000000 200 100
R 1000000000000000 0 ok 976080000000 1960000000 1960000000 1000000 0 0 0
Z 1000000 1000000000000000000000 0 1000000000000000 200 100
M 1000000000000001 18446744073709551615 ok 1024040000001 2020000000 2020000000 1010000 2020000000000001010000 998990000 2000000000000001
Z 1000000 1000000000000000000000 0 1000000000000000 200 100
R 1000000000000001 0 err ExceedsSupply 1000000 1000000000000000000000 0 1000000000000000
Z 1000000 1000000000000000000000 0 1000000000000000 200 100
M 18446744073709551614 18446744073709551615 err Overflow 1000000 1000000000000000000000 0 1000000000000000
Z 1000000 1000000000000000000000 0 1000000000000000 200 100
R 18446744073709551614 0 err ExceedsSupply 1000000 1000000000000000000000 0 1000000000000000
Z 1000000 1000000000000000000000 0 1000000000000000 200 100
M 18446744073709551615 18446744073709551615 err Overflow 1000000 1000000000000000000000 0 1000000000000000
Z 1000000 1000000000000000000000 0 1000000000000000 200 100
R 18446744073709551615 0 err ExceedsSupply 1000000 1000000000000000000000 0 1000000000000000
Z 1000000 1000000000000000000000 0 1000000000000000 200 100
D 0 err ZeroAmount 1000000 1000000000000000000000 0 1000000000000000
Z 1000000 1000000000000000000000 0 1000000000000000 200 100
D 1 ok 1000000 1000000000000000000000 1000000000 1000000000000000
Z 1000000 1000000000000000000000 0 1000000000000000 200 100
D 2 ok 1000000 1000000000000000000000 2000000000 1000000000000000
Z 1000000 1000000000000000000000 0 1000000000000000 200 100
D 18446744073709551614 ok 18446745073709 18446745073709000000000000000 551614000000000 1000000000000000
Z 1000000 1000000000000000000000 0 1000000000000000 200 100
D 18446744073709551615 ok 18446745073709 18446745073709000000000000000 551615000000000 1000000000000000
Z 1000000 1000000000000000000000 0 1000000000000000 200 100
M 1 0 err Slippage 1000000 1000000000000000000000 0 1000000000000000
Z 1000000 1000000000000000000000 0 1000000000000000 200 100
M 1 1 ok 1 0 0 1000000 1000000000000001000000 999000000 1000000000000001
Z 1000000 1000000000000000000000 0 1000000000000000 200 100
M 1 2 ok 1 0 0 1000000 1000000000000001000000 999000000 1000000000000001
Z 1000000 1000000000000000000000 0 1000000000000000 200 100
M 7 0 err Slippage 1000000 1000000000000000000000 0 1000000000000000
Z 1000000 1000000000000000000000 0 1000000000000000 200 100
M 7 1 ok 1 0 0 1000000 1000000000000007000000 993000000 1000000000000007
Z 1000000 1000000000000000000000 0 1000000000000000 200 100
M 7 2 ok 1 0 0 1000000 1000000000000007000000 993000000 1000000000000007
Z 1000000 18446744073709551614000000 386000000 18446744073709551614 100 0
M 0 18446744073709551615 err ZeroAmount 1000000 18446744073709551614000000 386000000 18446744073709551614
Z 1000000 18446744073709551614000000 386000000 18446744073709551614 100 0
R 0 0 err ZeroAmount 1000000 18446744073709551614000000 386000000 18446744073709551614
Z 1000000 18446744073709551614000000 386000000 18446744073709551614 100 0
M 1 18446744073709551615 ok 1 0 0 1000000 18446744073709551615000000 1385000000 18446744073709551615
Z 1000000 18446744073709551614000000 386000000 18446744073709551614 100 0
R 1 0 err ZeroPayout 1000000 18446744073709551614000000 386000000 18446744073709551614
Z 1000000 18446744073709551614000000 386000000 18446744073709551614 100 0
M 2 18446744073709551615 err Overflow 1000000 18446744073709551614000000 386000000 18446744073709551614
Z 1000000 18446744073709551614000000 386000000 18446744073709551614 100 0
R 2 0 err ZeroPayout 1000000 18446744073709551614000000 386000000 18446744073709551614
Z 1000000 18446744073709551614000000 386000000 18446744073709551614 100 0
M 18446744073709551613 18446744073709551615 err Overflow 1000000 18446744073709551614000000 386000000 18446744073709551614
Z 1000000 18446744073709551614000000 386000000 18446744073709551614 100 0
R 18446744073709551613 0 ok 18189227526440567 36524553265945 36524553265944 184467440737096000000000 184467440737096000000000 0 1
Z 1000000 18446744073709551614000000 386000000 18446744073709551614 100 0
M 18446744073709551614 18446744073709551615 err Overflow 1000000 18446744073709551614000000 386000000 18446744073709551614
Z 1000000 18446744073709551614000000 386000000 18446744073709551614 100 0
R 18446744073709551614 0 ok 18189227526440567 36524553265945 36524553265944 1000000 0 0 0
Z 1000000 18446744073709551614000000 386000000 18446744073709551614 100 0
M 18446744073709551615 18446744073709551615 err Overflow 1000000 18446744073709551614000000 386000000 18446744073709551614
Z 1000000 18446744073709551614000000 386000000 18446744073709551614 100 0
R 18446744073709551615 0 err ExceedsSupply 1000000 18446744073709551614000000 386000000 18446744073709551614
Z 1000000 18446744073709551614000000 386000000 18446744073709551614 100 0
D 0 err ZeroAmount 1000000 18446744073709551614000000 386000000 18446744073709551614
Z 1000000 18446744073709551614000000 386000000 18446744073709551614 100 0
D 1 ok 1000000 18446744073709551614000000 1386000000 18446744073709551614
Z 1000000 18446744073709551614000000 386000000 18446744073709551614 100 0
D 2 ok 1000000 18446744073709551614000000 2386000000 18446744073709551614
Z 1000000 18446744073709551614000000 386000000 18446744073709551614 100 0
D 18446744073709551614 ok 1001000000 18465190817783261165614000000 386000000 18446744073709551614
Z 1000000 18446744073709551614000000 386000000 18446744073709551614 100 0
D 18446744073709551615 ok 1001000000 18465190817783261165614000000 1386000000 18446744073709551614
Z 1000000 18446744073709551614000000 386000000 18446744073709551614 100 0
M 1 0 err Slippage 1000000 18446744073709551614000000 386000000 18446744073709551614
Z 1000000 18446744073709551614000000 386000000 18446744073709551614 100 0
M 1 1 ok 1 0 0 1000000 18446744073709551615000000 1385000000 18446744073709551615
Z 1000000 18446744073709551614000000 386000000 18446744073709551614 100 0
M 1 2 ok 1 0 0 1000000 18446744073709551615000000 1385000000 18446744073709551615
Z 1000000 18446744073709551614000000 386000000 18446744073709551614 100 0
M 7 0 err Overflow|Slippage 1000000 18446744073709551614000000 386000000 18446744073709551614
Z 1000000 18446744073709551614000000 386000000 18446744073709551614 100 0
M 7 1 err Overflow 1000000 18446744073709551614000000 386000000 18446744073709551614
Z 1000000 18446744073709551614000000 386000000 18446744073709551614 100 0
M 7 2 err Overflow 1000000 18446744073709551614000000 386000000 18446744073709551614
Z 1000000 18446744073709551614000000 386000000 18446744073709551614 1000 1000
M 0 18446744073709551615 err ZeroAmount 1000000 18446744073709551614000000 386000000 18446744073709551614
Z 1000000 18446744073709551614000000 386000000 18446744073709551614 1000 1000
R 0 0 err ZeroAmount 1000000 18446744073709551614000000 386000000 18446744073709551614
Z 1000000 18446744073709551614000000 386000000 18446744073709551614 1000 1000
M 1 18446744073709551615 ok 1 0 0 1000000 18446744073709551615000000 1385000000 18446744073709551615
Z 1000000 18446744073709551614000000 386000000 18446744073709551614 1000 1000
R 1 0 err ZeroPayout 1000000 18446744073709551614000000 386000000 18446744073709551614
Z 1000000 18446744073709551614000000 386000000 18446744073709551614 1000 1000
M 2 18446744073709551615 err Overflow 1000000 18446744073709551614000000 386000000 18446744073709551614
Z 1000000 18446744073709551614000000 386000000 18446744073709551614 1000 1000
R 2 0 err ZeroPayout 1000000 18446744073709551614000000 386000000 18446744073709551614
Z 1000000 18446744073709551614000000 386000000 18446744073709551614 1000 1000
M 18446744073709551613 18446744073709551615 err Overflow 1000000 18446744073709551614000000 386000000 18446744073709551614
Z 1000000 18446744073709551614000000 386000000 18446744073709551614 1000 1000
R 18446744073709551613 0 ok 16535661387673242 33204139332677 33204139332677 1844674407370956000000000 1844674407370956000000000 0 1
Z 1000000 18446744073709551614000000 386000000 18446744073709551614 1000 1000
M 18446744073709551614 18446744073709551615 err Overflow 1000000 18446744073709551614000000 386000000 18446744073709551614
Z 1000000 18446744073709551614000000 386000000 18446744073709551614 1000 1000
R 18446744073709551614 0 ok 16535661387673242 33204139332677 33204139332677 1000000 0 0 0
Z 1000000 18446744073709551614000000 386000000 18446744073709551614 1000 1000
M 18446744073709551615 18446744073709551615 err Overflow 1000000 18446744073709551614000000 386000000 18446744073709551614
Z 1000000 18446744073709551614000000 386000000 18446744073709551614 1000 1000
R 18446744073709551615 0 err ExceedsSupply 1000000 18446744073709551614000000 386000000 18446744073709551614
Z 1000000 18446744073709551614000000 386000000 18446744073709551614 1000 1000
D 0 err ZeroAmount 1000000 18446744073709551614000000 386000000 18446744073709551614
Z 1000000 18446744073709551614000000 386000000 18446744073709551614 1000 1000
D 1 ok 1000000 18446744073709551614000000 1386000000 18446744073709551614
Z 1000000 18446744073709551614000000 386000000 18446744073709551614 1000 1000
D 2 ok 1000000 18446744073709551614000000 2386000000 18446744073709551614
Z 1000000 18446744073709551614000000 386000000 18446744073709551614 1000 1000
D 18446744073709551614 ok 1001000000 18465190817783261165614000000 386000000 18446744073709551614
Z 1000000 18446744073709551614000000 386000000 18446744073709551614 1000 1000
D 18446744073709551615 ok 1001000000 18465190817783261165614000000 1386000000 18446744073709551614
Z 1000000 18446744073709551614000000 386000000 18446744073709551614 1000 1000
M 1 0 err Slippage 1000000 18446744073709551614000000 386000000 18446744073709551614
Z 1000000 18446744073709551614000000 386000000 18446744073709551614 1000 1000
M 1 1 ok 1 0 0 1000000 18446744073709551615000000 1385000000 18446744073709551615
Z 1000000 18446744073709551614000000 386000000 18446744073709551614 1000 1000
M 1 2 ok 1 0 0 1000000 18446744073709551615000000 1385000000 18446744073709551615
Z 1000000 18446744073709551614000000 386000000 18446744073709551614 1000 1000
M 7 0 err Overflow|Slippage 1000000 18446744073709551614000000 386000000 18446744073709551614
Z 1000000 18446744073709551614000000 386000000 18446744073709551614 1000 1000
M 7 1 err Overflow 1000000 18446744073709551614000000 386000000 18446744073709551614
Z 1000000 18446744073709551614000000 386000000 18446744073709551614 1000 1000
M 7 2 err Overflow 1000000 18446744073709551614000000 386000000 18446744073709551614
Z 1000000 18446744073709551614000000 386000000 18446744073709551614 200 100
M 0 18446744073709551615 err ZeroAmount 1000000 18446744073709551614000000 386000000 18446744073709551614
Z 1000000 18446744073709551614000000 386000000 18446744073709551614 200 100
R 0 0 err ZeroAmount 1000000 18446744073709551614000000 386000000 18446744073709551614
Z 1000000 18446744073709551614000000 386000000 18446744073709551614 200 100
M 1 18446744073709551615 ok 1 0 0 1000000 18446744073709551615000000 1385000000 18446744073709551615
Z 1000000 18446744073709551614000000 386000000 18446744073709551614 200 100
R 1 0 err ZeroPayout 1000000 18446744073709551614000000 386000000 18446744073709551614
Z 1000000 18446744073709551614000000 386000000 18446744073709551614 200 100
M 2 18446744073709551615 err Overflow 1000000 18446744073709551614000000 386000000 18446744073709551614
Z 1000000 18446744073709551614000000 386000000 18446744073709551614 200 100
R 2 0 err ZeroPayout 1000000 18446744073709551614000000 386000000 18446744073709551614
Z 1000000 18446744073709551614000000 386000000 18446744073709551614 200 100
M 18446744073709551613 18446744073709551615 err Overflow 1000000 18446744073709551614000000 386000000 18446744073709551614
Z 1000000 18446744073709551614000000 386000000 18446744073709551614 200 100
R 18446744073709551613 0 ok 18005497955466419 36155618384471 36155618384470 368934881474192000000000 368934881474192000000000 0 1
Z 1000000 18446744073709551614000000 386000000 18446744073709551614 200 100
M 18446744073709551614 18446744073709551615 err Overflow 1000000 18446744073709551614000000 386000000 18446744073709551614
Z 1000000 18446744073709551614000000 386000000 18446744073709551614 200 100
R 18446744073709551614 0 ok 18005497955466419 36155618384471 36155618384470 1000000 0 0 0
Z 1000000 18446744073709551614000000 386000000 18446744073709551614 200 100
M 18446744073709551615 18446744073709551615 err Overflow 1000000 18446744073709551614000000 386000000 18446744073709551614
Z 1000000 18446744073709551614000000 386000000 18446744073709551614 200 100
R 18446744073709551615 0 err ExceedsSupply 1000000 18446744073709551614000000 386000000 18446744073709551614
Z 1000000 18446744073709551614000000 386000000 18446744073709551614 200 100
D 0 err ZeroAmount 1000000 18446744073709551614000000 386000000 18446744073709551614
Z 1000000 18446744073709551614000000 386000000 18446744073709551614 200 100
D 1 ok 1000000 18446744073709551614000000 1386000000 18446744073709551614
Z 1000000 18446744073709551614000000 386000000 18446744073709551614 200 100
D 2 ok 1000000 18446744073709551614000000 2386000000 18446744073709551614
Z 1000000 18446744073709551614000000 386000000 18446744073709551614 200 100
D 18446744073709551614 ok 1001000000 18465190817783261165614000000 386000000 18446744073709551614
Z 1000000 18446744073709551614000000 386000000 18446744073709551614 200 100
D 18446744073709551615 ok 1001000000 18465190817783261165614000000 1386000000 18446744073709551614
Z 1000000 18446744073709551614000000 386000000 18446744073709551614 200 100
M 1 0 err Slippage 1000000 18446744073709551614000000 386000000 18446744073709551614
Z 1000000 18446744073709551614000000 386000000 18446744073709551614 200 100
M 1 1 ok 1 0 0 1000000 18446744073709551615000000 1385000000 18446744073709551615
Z 1000000 18446744073709551614000000 386000000 18446744073709551614 200 100
M 1 2 ok 1 0 0 1000000 18446744073709551615000000 1385000000 18446744073709551615
Z 1000000 18446744073709551614000000 386000000 18446744073709551614 200 100
M 7 0 err Overflow|Slippage 1000000 18446744073709551614000000 386000000 18446744073709551614
Z 1000000 18446744073709551614000000 386000000 18446744073709551614 200 100
M 7 1 err Overflow 1000000 18446744073709551614000000 386000000 18446744073709551614
Z 1000000 18446744073709551614000000 386000000 18446744073709551614 200 100
M 7 2 err Overflow 1000000 18446744073709551614000000 386000000 18446744073709551614
Z 1000001 0 0 0 100 0
M 0 18446744073709551615 err ZeroAmount 1000001 0 0 0
Z 1000001 0 0 0 100 0
R 0 0 err ZeroAmount 1000001 0 0 0
Z 1000001 0 0 0 100 0
M 1 18446744073709551615 ok 1 0 0 1000000000 1000000000 0 1
Z 1000001 0 0 0 100 0
R 1 0 err ExceedsSupply 1000001 0 0 0
Z 1000001 0 0 0 100 0
M 2 18446744073709551615 ok 1 0 0 500000000 1000000000 0 2
Z 1000001 0 0 0 100 0
R 2 0 err ExceedsSupply 1000001 0 0 0
Z 1000001 0 0 0 100 0
M 18446744073709551614 18446744073709551615 ok 18520549570535440 36893525040907 36893525040907 1000001 18446762520453625323551614 676448386 18446744073709551614
Z 1000001 0 0 0 100 0
R 18446744073709551614 0 err ExceedsSupply 1000001 0 0 0
Z 1000001 0 0 0 100 0
M 18446744073709551615 18446744073709551615 ok 18520549570535440 36893525040907 36893525040907 1000001 18446762520453625324551615 675448385 18446744073709551615
Z 1000001 0 0 0 100 0
R 18446744073709551615 0 err ExceedsSupply 1000001 0 0 0
Z 1000001 0 0 0 100 0
D 0 err ZeroAmount 1000001 0 0 0
Z 1000001 0 0 0 100 0
D 1 err NoHolders 1000001 0 0 0
Z 1000001 0 0 0 100 0
D 2 err NoHolders 1000001 0 0 0
Z 1000001 0 0 0 100 0
D 18446744073709551614 err NoHolders 1000001 0 0 0
Z 1000001 0 0 0 100 0
D 18446744073709551615 err NoHolders 1000001 0 0 0
Z 1000001 0 0 0 100 0
M 1 0 err Slippage 1000001 0 0 0
Z 1000001 0 0 0 100 0
M 1 1 ok 1 0 0 1000000000 1000000000 0 1
Z 1000001 0 0 0 100 0
M 1 2 ok 1 0 0 1000000000 1000000000 0 1
Z 1000001 0 0 0 100 0
M 7 0 err Slippage 1000001 0 0 0
Z 1000001 0 0 0 100 0
M 7 1 ok 1 0 0 142857142 999999994 6 7
Z 1000001 0 0 0 100 0
M 7 2 ok 1 0 0 142857142 999999994 6 7
Z 1000001 0 0 0 1000 1000
M 0 18446744073709551615 err ZeroAmount 1000001 0 0 0
Z 1000001 0 0 0 1000 1000
R 0 0 err ZeroAmount 1000001 0 0 0
Z 1000001 0 0 0 1000 1000
M 1 18446744073709551615 ok 1 0 0 1000000000 1000000000 0 1
Z 1000001 0 0 0 1000 1000
R 1 0 err ExceedsSupply 1000001 0 0 0
Z 1000001 0 0 0 1000 1000
M 2 18446744073709551615 ok 1 0 0 500000000 1000000000 0 2
Z 1000001 0 0 0 1000 1000
R 2 0 err ExceedsSupply 1000001 0 0 0
Z 1000001 0 0 0 1000 1000
M 18446744073709551614 18446744073709551615 ok 18520549570535440 36893525040907 36893525040907 1000001 18446762520453625323551614 676448386 18446744073709551614
Z 1000001 0 0 0 1000 1000
R 18446744073709551614 0 err ExceedsSupply 1000001 0 0 0
Z 1000001 0 0 0 1000 1000
M 18446744073709551615 18446744073709551615 ok 18520549570535440 36893525040907 36893525040907 1000001 18446762520453625324551615 675448385 18446744073709551615
Z 1000001 0 0 0 1000 1000
R 18446744073709551615 0 err ExceedsSupply 1000001 0 0 0
Z 1000001 0 0 0 1000 1000
D 0 err ZeroAmount 1000001 0 0 0
Z 1000001 0 0 0 1000 1000
D 1 err NoHolders 1000001 0 0 0
Z 1000001 0 0 0 1000 1000
D 2 err NoHolders 1000001 0 0 0
Z 1000001 0 0 0 1000 1000
D 18446744073709551614 err NoHolders 1000001 0 0 0
Z 1000001 0 0 0 1000 1000
D 18446744073709551615 err NoHolders 1000001 0 0 0
Z 1000001 0 0 0 1000 1000
M 1 0 err Slippage 1000001 0 0 0
Z 1000001 0 0 0 1000 1000
M 1 1 ok 1 0 0 1000000000 1000000000 0 1
Z 1000001 0 0 0 1000 1000
M 1 2 ok 1 0 0 1000000000 1000000000 0 1
Z 1000001 0 0 0 1000 1000
M 7 0 err Slippage 1000001 0 0 0
Z 1000001 0 0 0 1000 1000
M 7 1 ok 1 0 0 142857142 999999994 6 7
Z 1000001 0 0 0 1000 1000
M 7 2 ok 1 0 0 142857142 999999994 6 7
Z 1000001 0 0 0 200 100
M 0 18446744073709551615 err ZeroAmount 1000001 0 0 0
Z 1000001 0 0 0 200 100
R 0 0 err ZeroAmount 1000001 0 0 0
Z 1000001 0 0 0 200 100
M 1 18446744073709551615 ok 1 0 0 1000000000 1000000000 0 1
Z 1000001 0 0 0 200 100
R 1 0 err ExceedsSupply 1000001 0 0 0
Z 1000001 0 0 0 200 100
M 2 18446744073709551615 ok 1 0 0 500000000 1000000000 0 2
Z 1000001 0 0 0 200 100
R 2 0 err ExceedsSupply 1000001 0 0 0
Z 1000001 0 0 0 200 100
M 18446744073709551614 18446744073709551615 ok 18520549570535440 36893525040907 36893525040907 1000001 18446762520453625323551614 676448386 18446744073709551614
Z 1000001 0 0 0 200 100
R 18446744073709551614 0 err ExceedsSupply 1000001 0 0 0
Z 1000001 0 0 0 200 100
M 18446744073709551615 18446744073709551615 ok 18520549570535440 36893525040907 36893525040907 1000001 18446762520453625324551615 675448385 18446744073709551615
Z 1000001 0 0 0 200 100
R 18446744073709551615 0 err ExceedsSupply 1000001 0 0 0
Z 1000001 0 0 0 200 100
D 0 err ZeroAmount 1000001 0 0 0
Z 1000001 0 0 0 200 100
D 1 err NoHolders 1000001 0 0 0
Z 1000001 0 0 0 200 100
D 2 err NoHolders 1000001 0 0 0
Z 1000001 0 0 0 200 100
D 18446744073709551614 err NoHolders 1000001 0 0 0
Z 1000001 0 0 0 200 100
D 18446744073709551615 err NoHolders 1000001 0 0 0
Z 1000001 0 0 0 200 100
M 1 0 err Slippage 1000001 0 0 0
Z 1000001 0 0 0 200 100
M 1 1 ok 1 0 0 1000000000 1000000000 0 1
Z 1000001 0 0 0 200 100
M 1 2 ok 1 0 0 1000000000 1000000000 0 1
Z 1000001 0 0 0 200 100
M 7 0 err Slippage 1000001 0 0 0
Z 1000001 0 0 0 200 100
M 7 1 ok 1 0 0 142857142 999999994 6 7
Z 1000001 0 0 0 200 100
M 7 2 ok 1 0 0 142857142 999999994 6 7
Z 1000001 1000001000000000 0 1000000000 100 0
M 0 18446744073709551615 err ZeroAmount 1000001 1000001000000000 0 1000000000
Z 1000001 1000001000000000 0 1000000000 100 0
R 0 0 err ZeroAmount 1000001 1000001000000000 0 1000000000
Z 1000001 1000001000000000 0 1000000000 100 0
M 1 18446744073709551615 ok 1 0 0 1000001 1000001001000001 998999999 1000000001
Z 1000001 1000001000000000 0 1000000000 100 0
R 1 0 err ZeroPayout 1000001 1000001000000000 0 1000000000
Z 1000001 1000001000000000 0 1000000000 100 0
M 2 18446744073709551615 ok 1 0 0 1000001 1000001002000002 997999998 1000000002
Z 1000001 1000001000000000 0 1000000000 100 0
R 2 0 err ZeroPayout 1000001 1000001000000000 0 1000000000
Z 1000001 1000001000000000 0 1000000000 100 0
M 999999999 18446744073709551615 ok 1004001 2000 2000 1000001 2000001998999999 1000001 1999999999
Z 1000001 1000001000000000 0 1000000000 100 0
R 999999999 0 ok 986040 1980 1980 10001000000000 10001000000000 0 1
Z 1000001 1000001000000000 0 1000000000 100 0
M 1000000000 18446744073709551615 ok 1004001 2000 2000 1000001 2000002000000000 0 2000000000
Z 1000001 1000001000000000 0 1000000000 100 0
R 1000000000 0 ok 986040 1980 1980 1000001 0 0 0
Z 1000001 1000001000000000 0 1000000000 100 0
M 1000000001 18446744073709551615 ok 1004002 2000 2000 1000001 2000002001000001 998999999 2000000001
Z 1000001 1000001000000000 0 1000000000 100 0
R 1000000001 0 err ExceedsSupply 1000001 1000001000000000 0 1000000000
Z 1000001 1000001000000000 0 1000000000 100 0
M 18446744073709551614 18446744073709551615 err Overflow 1000001 1000001000000000 0 1000000000
Z 1000001 1000001000000000 0 1000000000 100 0
R 18446744073709551614 0 err ExceedsSupply 1000001 1000001000000000 0 1000000000
Z 1000001 1000001000000000 0 1000000000 100 0
M 18446744073709551615 18446744073709551615 err Overflow 1000001 1000001000000000 0 1000000000
Z 1000001 1000001000000000 0 1000000000 100 0
R 18446744073709551615 0 err ExceedsSupply 1000001 1000001000000000 0 1000000000
Z 1000001 1000001000000000 0 1000000000 100 0
D 0 err ZeroAmount 1000001 1000001000000000 0 1000000000
Z 1000001 1000001000000000 0 1000000000 100 0
D 1 ok 1000002 1000002000000000 0 1000000000
Z 1000001 1000001000000000 0 1000000000 100 0
D 2 ok 1000003 1000003000000000 0 1000000000
Z 1000001 1000001000000000 0 1000000000 100 0
D 18446744073709551614 ok 18446744073710551615 18446744073710551615000000000 0 1000000000
Z 1000001 1000001000000000 0 1000000000 100 0
D 18446744073709551615 ok 18446744073710551616 18446744073710551616000000000 0 1000000000
Z 1000001 1000001000000000 0 1000000000 100 0
M 1 0 err Slippage 1000001 1000001000000000 0 1000000000
Z 1000001 1000001000000000 0 1000000000 100 0
M 1 1 ok 1 0 0 1000001 1000001001000001 998999999 1000000001
Z 1000001 1000001000000000 0 1000000000 100 0
M 1 2 ok 1 0 0 1000001 1000001001000001 998999999 1000000001
Z 1000001 1000001000000000 0 1000000000 100 0
M 7 0 err Slippage 1000001 1000001000000000 0 1000000000
Z 1000001 1000001000000000 0 1000000000 100 0
M 7 1 ok 1 0 0 1000001 1000001007000007 992999993 1000000007
Z 1000001 1000001000000000 0 1000000000 100 0
M 7 2 ok 1 0 0 1000001 1000001007000007 992999993 1000000007
Z 1000001 1000001000000000 0 1000000000 1000 1000
M 0 18446744073709551615 err ZeroAmount 1000001 1000001000000000 0 1000000000
Z 1000001 1000001000000000 0 1000000000 1000 1000
R 0 0 err ZeroAmount 1000001 1000001000000000 0 1000000000
Z 1000001 1000001000000000 0 1000000000 1000 1000
M 1 18446744073709551615 ok 1 0 0 1000001 1000001001000001 998999999 1000000001
Z 1000001 1000001000000000 0 1000000000 1000 1000
R 1 0 err ZeroPayout 1000001 1000001000000000 0 1000000000
Z 1000001 1000001000000000 0 1000000000 1000 1000
M 2 18446744073709551615 ok 1 0 0 1000001 1000001002000002 997999998 1000000002
Z 1000001 1000001000000000 0 1000000000 1000 1000
R 2 0 err ZeroPayout 1000001 1000001000000000 0 1000000000
Z 1000001 1000001000000000 0 1000000000 1000 1000
M 999999999 18446744073709551615 ok 1204402 2200 2200 1100001 2200001998899999 1001100001 1999999999
Z 1000001 1000001000000000 0 1000000000 1000 1000
R 999999999 0 ok 896400 1800 1800 100001000000000 100001000000000 0 1
Z 1000001 1000001000000000 0 1000000000 1000 1000
M 1000000000 18446744073709551615 ok 1204402 2200 2200 1100001 2200002000000000 1000000000 2000000000
Z 1000001 1000001000000000 0 1000000000 1000 1000
R 1000000000 0 ok 896400 1800 1800 1000001 0 0 0
Z 1000001 1000001000000000 0 1000000000 1000 1000
M 1000000001 18446744073709551615 ok 1204402 2200 2200 1100001 2200002001100001 998899999 2000000001
Z 1000001 1000001000000000 0 1000000000 1000 1000
R 1000000001 0 err ExceedsSupply 1000001 1000001000000000 0 1000000000
Z 1000001 1000001000000000 0 1000000000 1000 1000
M 18446744073709551614 18446744073709551615 err Overflow|Slippage 1000001 1000001000000000 0 1000000000
Z 1000001 1000001000000000 0 1000000000 1000 1000
R 18446744073709551614 0 err ExceedsSupply 1000001 1000001000000000 0 1000000000
Z 1000001 1000001000000000 0 1000000000 1000 1000
M 18446744073709551615 18446744073709551615 err Overflow|Slippage 1000001 1000001000000000 0 1000000000
Z 1000001 1000001000000000 0 1000000000 1000 1000
R 18446744073709551615 0 err ExceedsSupply 1000001 1000001000000000 0 1000000000
Z 1000001 1000001000000000 0 1000000000 1000 1000
D 0 err ZeroAmount 1000001 1000001000000000 0 1000000000
Z 1000001 1000001000000000 0 1000000000 1000 1000
D 1 ok 1000002 1000002000000000 0 1000000000
Z 1000001 1000001000000000 0 1000000000 1000 1000
D 2 ok 1000003 1000003000000000 0 1000000000
Z 1000001 1000001000000000 0 1000000000 1000 1000
D 18446744073709551614 ok 18446744073710551615 18446744073710551615000000000 0 1000000000
Z 1000001 1000001000000000 0 1000000000 1000 1000
D 18446744073709551615 ok 18446744073710551616 18446744073710551616000000000 0 1000000000
Z 1000001 1000001000000000 0 1000000000 1000 1000
M 1 0 err Slippage 1000001 1000001000000000 0 1000000000
Z 1000001 1000001000000000 0 1000000000 1000 1000
M 1 1 ok 1 0 0 1000001 1000001001000001 998999999 1000000001
Z 1000001 1000001000000000 0 1000000000 1000 1000
M 1 2 ok 1 0 0 1000001 1000001001000001 998999999 1000000001
Z 1000001 1000001000000000 0 1000000000 1000 1000
M 7 0 err Slippage 1000001 1000001000000000 0 1000000000
Z 1000001 1000001000000000 0 1000000000 1000 1000
M 7 1 ok 1 0 0 1000001 1000001007000007 992999993 1000000007
Z 1000001 1000001000000000 0 1000000000 1000 1000
M 7 2 ok 1 0 0 1000001 1000001007000007 992999993 1000000007
Z 1000001 1000001000000000 0 1000000000 200 100
M 0 18446744073709551615 err ZeroAmount 1000001 1000001000000000 0 1000000000
Z 1000001 1000001000000000 0 1000000000 200 100
R 0 0 err ZeroAmount 1000001 1000001000000000 0 1000000000
Z 1000001 1000001000000000 0 1000000000 200 100
M 1 18446744073709551615 ok 1 0 0 1000001 1000001001000001 998999999 1000000001
Z 1000001 1000001000000000 0 1000000000 200 100
R 1 0 err ZeroPayout 1000001 1000001000000000 0 1000000000
Z 1000001 1000001000000000 0 1000000000 200 100
M 2 18446744073709551615 ok 1 0 0 1000001 1000001002000002 997999998 1000000002
Z 1000001 1000001000000000 0 1000000000 200 100
R 2 0 err ZeroPayout 1000001 1000001000000000 0 1000000000
Z 1000001 1000001000000000 0 1000000000 200 100
M 999999999 18446744073709551615 ok 1024042 2020 2020 1010001 2020001998989999 1001010001 1999999999
Z 1000001 1000001000000000 0 1000000000 200 100
R 999999999 0 ok 976080 1960 1960 20001000000000 20001000000000 0 1
Z 1000001 1000001000000000 0 1000000000 200 100
M 1000000000 18446744073709551615 ok 1024042 2020 2020 1010001 2020002000000000 1000000000 2000000000
Z 1000001 1000001000000000 0 1000000000 200 100
R 1000000000 0 ok 976080 1960 1960 1000001 0 0 0
Z 1000001 1000001000000000 0 1000000000 200 100
M 1000000001 18446744073709551615 ok 1024042 2020 2020 1010001 2020002001010001 998989999 2000000001
Z 1000001 1000001000000000 0 1000000000 200 100
R 1000000001 0 err ExceedsSupply 1000001 1000001000000000 0 1000000000
Z 1000001 1000001000000000 0 1000000000 200 100
M 18446744073709551614 18446744073709551615 err Overflow|Slippage 1000001 1000001000000000 0 1000000000
Z 1000001 1000001000000000 0 1000000000 200 100
R 18446744073709551614 0 err ExceedsSupply 1000001 1000001000000000 0 1000000000
Z 1000001 1000001000000000 0 1000000000 200 100
M 18446744073709551615 18446744073709551615 err Overflow|Slippage 1000001 1000001000000000 0 1000000000
Z 1000001 1000001000000000 0 1000000000 200 100
R 18446744073709551615 0 err ExceedsSupply 1000001 1000001000000000 0 1000000000
Z 1000001 1000001000000000 0 1000000000 200 100
D 0 err ZeroAmount 1000001 1000001000000000 0 1000000000
Z 1000001 1000001000000000 0 1000000000 200 100
D 1 ok 1000002 1000002000000000 0 1000000000
Z 1000001 1000001000000000 0 1000000000 200 100
D 2 ok 1000003 1000003000000000 0 1000000000
Z 1000001 1000001000000000 0 1000000000 200 100
D 18446744073709551614 ok 18446744073710551615 18446744073710551615000000000 0 1000000000
Z 1000001 1000001000000000 0 1000000000 200 100
D 18446744073709551615 ok 18446744073710551616 18446744073710551616000000000 0 1000000000
Z 1000001 1000001000000000 0 1000000000 200 100
M 1 0 err Slippage 1000001 1000001000000000 0 1000000000
Z 1000001 1000001000000000 0 1000000000 200 100
M 1 1 ok 1 0 0 1000001 1000001001000001 998999999 1000000001
Z 1000001 1000001000000000 0 1000000000 200 100
M 1 2 ok 1 0 0 1000001 1000001001000001 998999999 1000000001
Z 1000001 1000001000000000 0 1000000000 200 100
M 7 0 err Slippage 1000001 1000001000000000 0 1000000000
Z 1000001 1000001000000000 0 1000000000 200 100
M 7 1 ok 1 0 0 1000001 1000001007000007 992999993 1000000007
Z 1000001 1000001000000000 0 1000000000 200 100
M 7 2 ok 1 0 0 1000001 1000001007000007 992999993 1000000007
Z 1000001 1000001000000000000000 0 1000000000000000 100 0
M 0 18446744073709551615 err ZeroAmount 1000001 1000001000000000000000 0 1000000000000000
Z 1000001 1000001000000000000000 0 1000000000000000 100 0
R 0 0 err ZeroAmount 1000001 1000001000000000000000 0 1000000000000000
Z 1000001 1000001000000000000000 0 1000000000000000 100 0
M 1 18446744073709551615 ok 1 0 0 1000001 1000001000000001000001 998999999 1000000000000001
Z 1000001 1000001000000000000000 0 1000000000000000 100 0
R 1 0 err ZeroPayout 1000001 1000001000000000000000 0 1000000000000000
Z 1000001 1000001000000000000000 0 1000000000000000 100 0
M 2 18446744073709551615 ok 1 0 0 1000001 1000001000000002000002 997999998 1000000000000002
Z 1000001 1000001000000000000000 0 1000000000000000 100 0
R 2 0 err ZeroPayout 1000001 1000001000000000000000 0 1000000000000000
Z 1000001 1000001000000000000000 0 1000000000000000 100 0
M 999999999999999 18446744073709551615 ok 1004001004000 2000002000 2000002000 1000001 2000001999999998999999 1000001 1999999999999999
Z 1000001 1000001000000000000000 0 1000000000000000 100 0
R 999999999999999 0 ok 986040986040 1980001980 1980001979 10000010001000000000 10000010001000000000 0 1
Z 1000001 1000001000000000000000 0 1000000000000000 100 0
M 1000000000000000 18446744073709551615 ok 1004001004000 2000002000 2000002000 1000001 2000002000000000000000 0 2000000000000000
Z 1000001 1000001000000000000000 0 1000000000000000 100 0
R 1000000000000000 0 ok 986040986040 1980001980 1980001980 1000001 0 0 0
Z 1000001 1000001000000000000000 0 1000000000000000 100 0
M 1000000000000001 18446744073709551615 ok 1004001004001 2000002000 2000002000 1000001 2000002000000001000001 998999999 2000000000000001
Z 1000001 1000001000000000000000 0 1000000000000000 100 0
R 1000000000000001 0 err ExceedsSupply 1000001 1000001000000000000000 0 1000000000000000
Z 1000001 1000001000000000000000 0 1000000000000000 100 0
M 18446744073709551614 18446744073709551615 err Overflow 1000001 1000001000000000000000 0 1000000000000000
Z 1000001 1000001000000000000000 0 1000000000000000 100 0
R 18446744073709551614 0 err ExceedsSupply 1000001 1000001000000000000000 0 1000000000000000
Z 1000001 1000001000000000000000 0 1000000000000000 100 0
M 18446744073709551615 18446744073709551615 err Overflow 1000001 1000001000000000000000 0 1000000000000000
Z 1000001 1000001000000000000000 0 1000000000000000 100 0
R 18446744073709551615 0 err ExceedsSupply 1000001 1000001000000000000000 0 1000000000000000
Z 1000001 1000001000000000000000 0 1000000000000000 100 0
D 0 err ZeroAmount 1000001 1000001000000000000000 0 1000000000000000
Z 1000001 1000001000000000000000 0 1000000000000000 100 0
D 1 ok 1000001 1000001000000000000000 1000000000 1000000000000000
Z 1000001 1000001000000000000000 0 1000000000000000 100 0
D 2 ok 1000001 1000001000000000000000 2000000000 1000000000000000
Z 1000001 1000001000000000000000 0 1000000000000000 100 0
D 18446744073709551614 ok 18446745073710 18446745073710000000000000000 551614000000000 1000000000000000
Z 1000001 1000001000000000000000 0 1000000000000000 100 0
D 18446744073709551615 ok 18446745073710 18446745073710000000000000000 551615000000000 1000000000000000
Z 1000001 1000001000000000000000 0 1000000000000000 100 0
M 1 0 err Slippage 1000001 1000001000000000000000 0 1000000000000000
Z 1000001 1000001000000000000000 0 1000000000000000 100 0
M 1 1 ok 1 0 0 1000001 1000001000000001000001 998999999 1000000000000001
Z 1000001 1000001000000000000000 0 1000000000000000 100 0
M 1 2 ok 1 0 0 1000001 1000001000000001000001 998999999 1000000000000001
Z 1000001 1000001000000000000000 0 1000000000000000 100 0
M 7 0 err Slippage 1000001 1000001000000000000000 0 1000000000000000
Z 1000001 1000001000000000000000 0 1000000000000000 100 0
M 7 1 ok 1 0 0 1000001 1000001000000007000007 992999993 1000000000000007
Z 1000001 1000001000000000000000 0 1000000000000000 100 0
M 7 2 ok 1 0 0 1000001 1000001000000007000007 992999993 1000000000000007
Z 1000001 1000001000000000000000 0 1000000000000000 1000 1000
M 0 18446744073709551615 err ZeroAmount 1000001 1000001000000000000000 0 1000000000000000
Z 1000001 1000001000000000000000 0 1000000000000000 1000 1000
R 0 0 err ZeroAmount 1000001 1000001000000000000000 0 1000000000000000
Z 1000001 1000001000000000000000 0 1000000000000000 1000 1000
M 1 18446744073709551615 ok 1 0 0 1000001 1000001000000001000001 998999999 1000000000000001
Z 1000001 1000001000000000000000 0 1000000000000000 1000 1000
R 1 0 err ZeroPayout 1000001 1000001000000000000000 0 1000000000000000
Z 1000001 1000001000000000000000 0 1000000000000000 1000 1000
M 2 18446744073709551615 ok 1 0 0 1000001 1000001000000002000002 997999998 1000000000000002
Z 1000001 1000001000000000000000 0 1000000000000000 1000 1000
R 2 0 err ZeroPayout 1000001 1000001000000000000000 0 1000000000000000
Z 1000001 1000001000000000000000 0 1000000000000000 1000 1000
M 999999999999999 18446744073709551615 ok 1204401104000 2200002000 2200002000 1100001 2200001999999998899999 100000001100001 1999999999999999
Z 1000001 1000001000000000000000 0 1000000000000000 1000 1000
R 999999999999999 0 ok 896400896400 1800001800 1800001799 100000100001000000000 100000100001000000000 0 1
Z 1000001 1000001000000000000000 0 1000000000000000 1000 1000
M 1000000000000000 18446744073709551615 ok 1204401104000 2200002000 2200002000 1100001 2200002000000000000000 100000000000000 2000000000000000
Z 1000001 1000001000000000000000 0 1000000000000000 1000 1000
R 1000000000000000 0 ok 896400896400 1800001800 1800001800 1000001 0 0 0
Z 1000001 1000001000000000000000 0 1000000000000000 1000 1000
M 1000000000000001 18446744073709551615 ok 1204401104001 2200002000 2200002000 1100001 2200002000000001100001 100000998899999 2000000000000001
Z 1000001 1000001000000000000000 0 1000000000000000 1000 1000
R 1000000000000001 0 err ExceedsSupply 1000001 1000001000000000000000 0 1000000000000000
Z 1000001 1000001000000000000000 0 1000000000000000 1000 1000
M 18446744073709551614 18446744073709551615 err Overflow|Slippage 1000001 1000001000000000000000 0 1000000000000000
Z 1000001 1000001000000000000000 0 1000000000000000 1000 1000
R 18446744073709551614 0 err ExceedsSupply 1000001 1000001000000000000000 0 1000000000000000
Z 1000001 1000001000000000000000 0 1000000000000000 1000 1000
M 18446744073709551615 18446744073709551615 err Overflow|Slippage 1000001 1000001000000000000000 0 1000000000000000
Z 1000001 1000001000000000000000 0 1000000000000000 1000 1000
R 18446744073709551615 0 err ExceedsSupply 1000001 1000001000000000000000 0 1000000000000000
Z 1000001 1000001000000000000000 0 1000000000000000 1000 1000
D 0 err ZeroAmount 1000001 1000001000000000000000 0 1000000000000000
Z 1000001 1000001000000000000000 0 1000000000000000 1000 1000
D 1 ok 1000001 1000001000000000000000 1000000000 1000000000000000
Z 1000001 1000001000000000000000 0 1000000000000000 1000 1000
D 2 ok 1000001 1000001000000000000000 2000000000 1000000000000000
Z 1000001 1000001000000000000000 0 1000000000000000 1000 1000
D 18446744073709551614 ok 18446745073710 18446745073710000000000000000 551614000000000 1000000000000000
Z 1000001 1000001000000000000000 0 1000000000000000 1000 1000
D 18446744073709551615 ok 18446745073710 18446745073710000000000000000 551615000000000 1000000000000000
Z 1000001 1000001000000000000000 0 1000000000000000 1000 1000
M 1 0 err Slippage 1000001 1000001000000000000000 0 1000000000000000
Z 1000001 1000001000000000000000 0 1000000000000000 1000 1000
M 1 1 ok 1 0 0 1000001 1000001000000001000001 998999999 1000000000000001
Z 1000001 1000001000000000000000 0 1000000000000000 1000 1000
M 1 2 ok 1 0 0 1000001 1000001000000001000001 998999999 1000000000000001
Z 1000001 1000001000000000000000 0 1000000000000000 1000 1000
M 7 0 err Slippage 1000001 1000001000000000000000 0 1000000000000000
Z 1000001 1000001000000000000000 0 1000000000000000 1000 1000
M 7 1 ok 1 0 0 1000001 1000001000000007000007 992999993 1000000000000007
Z 1000001 1000001000000000000000 0 1000000000000000 1000 1000
M 7 2 ok 1 0 0 1000001 1000001000000007000007 992999993 1000000000000007
Z 1000001 1000001000000000000000 0 1000000000000000 200 100
M 0 18446744073709551615 err ZeroAmount 1000001 1000001000000000000000 0 1000000000000000
Z 1000001 1000001000000000000000 0 1000000000000000 200 100
R 0 0 err ZeroAmount 1000001 1000001000000000000000 0 1000000000000000
Z 1000001 1000001000000000000000 0 1000000000000000 200 100
M 1 18446744073709551615 ok 1 0 0 1000001 1000001000000001000001 998999999 1000000000000001
Z 1000001 1000001000000000000000 0 1000000000000000 200 100
R 1 0 err ZeroPayout 1000001 1000001000000000000000 0 1000000000000000
Z 1000001 1000001000000000000000 0 1000000000000000 200 100
M 2 18446744073709551615 ok 1 0 0 1000001 1000001000000002000002 997999998 1000000000000002
Z 1000001 1000001000000000000000 0 1000000000000000 200 100
R 2 0 err ZeroPayout 1000001 1000001000000000000000 0 1000000000000000
Z 1000001 1000001000000000000000 0 1000000000000000 200 100
M 999999999999999 18446744073709551615 ok 1024041014000 2020002000 2020002000 1010001 2020001999999998989999 10000001010001 1999999999999999
Z 1000001 1000001000000000000000 0 1000000000000000 200 100
R 999999999999999 0 ok 976080976080 1960001960 1960001959 20000020001000000000 20000020001000000000 0 1
Z 1000001 1000001000000000000000 0 1000000000000000 200 100
M 1000000000000000 18446744073709551615 ok 1024041014000 2020002000 2020002000 1010001 2020002000000000000000 10000000000000 2000000000000000
Z 1000001 1000001000000000000000 0 1000000000000000 200 100
R 1000000000000000 0 ok 976080976080 1960001960 1960001960 1000001 0 0 0
Z 1000001 1000001000000000000000 0 1000000000000000 200 100
M 1000000000000001 18446744073709551615 ok 1024041014001 2020002000 2020002000 1010001 2020002000000001010001 10000998989999 2000000000000001
Z 1000001 1000001000000000000000 0 1000000000000000 200 100
R 1000000000000001 0 err ExceedsSupply 1000001 1000001000000000000000 0 1000000000000000
Z 1000001 1000001000000000000000 0 1000000000000000 200 100
M 18446744073709551614 18446744073709551615 err Overflow 1000001 1000001000000000000000 0 1000000000000000
Z 1000001 1000001000000000000000 0 1000000000000000 200 100
R 18446744073709551614 0 err ExceedsSupply 1000001 1000001000000000000000 0 1000000000000000
Z 1000001 1000001000000000000000 0 1000000000000000 200 100
M 18446744073709551615 18446744073709551615 err Overflow 1000001 1000001000000000000000 0 1000000000000000
Z 1000001 1000001000000000000000 0 1000000000000000 200 100
R 18446744073709551615 0 err ExceedsSupply 1000001 1000001000000000000000 0 1000000000000000
Z 1000001 1000001000000000000000 0 1000000000000000 200 100
D 0 err ZeroAmount 1000001 1000001000000000000000 0 1000000000000000
Z 1000001 1000001000000000000000 0 1000000000000000 200 100
D 1 ok 1000001 1000001000000000000000 1000000000 1000000000000000
Z 1000001 1000001000000000000000 0 1000000000000000 200 100
D 2 ok 1000001 1000001000000000000000 2000000000 1000000000000000
Z 1000001 1000001000000000000000 0 1000000000000000 200 100
D 18446744073709551614 ok 18446745073710 18446745073710000000000000000 551614000000000 1000000000000000
Z 1000001 1000001000000000000000 0 1000000000000000 200 100
D 18446744073709551615 ok 18446745073710 18446745073710000000000000000 551615000000000 1000000000000000
Z 1000001 1000001000000000000000 0 1000000000000000 200 100
M 1 0 err Slippage 1000001 1000001000000000000000 0 1000000000000000
Z 1000001 1000001000000000000000 0 1000000000000000 200 100
M 1 1 ok 1 0 0 1000001 1000001000000001000001 998999999 1000000000000001
Z 1000001 1000001000000000000000 0 1000000000000000 200 100
M 1 2 ok 1 0 0 1000001 1000001000000001000001 998999999 1000000000000001
Z 1000001 1000001000000000000000 0 1000000000000000 200 100
M 7 0 err Slippage 1000001 1000001000000000000000 0 1000000000000000
Z 1000001 1000001000000000000000 0 1000000000000000 200 100
M 7 1 ok 1 0 0 1000001 1000001000000007000007 992999993 1000000000000007
Z 1000001 1000001000000000000000 0 1000000000000000 200 100
M 7 2 ok 1 0 0 1000001 1000001000000007000007 992999993 1000000000000007
Z 1000001 18446762520453625323551614 676448386 18446744073709551614 100 0
M 0 18446744073709551615 err ZeroAmount 1000001 18446762520453625323551614 676448386 18446744073709551614
Z 1000001 18446762520453625323551614 676448386 18446744073709551614 100 0
R 0 0 err ZeroAmount 1000001 18446762520453625323551614 676448386 18446744073709551614
Z 1000001 18446762520453625323551614 676448386 18446744073709551614 100 0
M 1 18446744073709551615 ok 1 0 0 1000001 18446762520453625324551615 1675448385 18446744073709551615
Z 1000001 18446762520453625323551614 676448386 18446744073709551614 100 0
R 1 0 err ZeroPayout 1000001 18446762520453625323551614 676448386 18446744073709551614
Z 1000001 18446762520453625323551614 676448386 18446744073709551614 100 0
M 2 18446744073709551615 err Overflow 1000001 18446762520453625323551614 676448386 18446744073709551614
Z 1000001 18446762520453625323551614 676448386 18446744073709551614 100 0
R 2 0 err ZeroPayout 1000001 18446762520453625323551614 676448386 18446744073709551614
Z 1000001 18446762520453625323551614 676448386 18446744073709551614 100 0
M 18446744073709551613 18446744073709551615 err Overflow 1000001 18446762520453625323551614 676448386 18446744073709551614
Z 1000001 18446762520453625323551614 676448386 18446744073709551614 100 0
R 18446744073709551613 0 ok 18189245715668093 36524589790498 36524589790498 184467625204537000000000 184467625204537000000000 0 1
Z 1000001 18446762520453625323551614 676448386 18446744073709551614 100 0
M 18446744073709551614 18446744073709551615 err Overflow 1000001 18446762520453625323551614 676448386 18446744073709551614
Z 1000001 18446762520453625323551614 676448386 18446744073709551614 100 0
R 18446744073709551614 0 ok 18189245715668093 36524589790498 36524589790498 1000001 0 0 0
Z 1000001 18446762520453625323551614 676448386 18446744073709551614 100 0
M 18446744073709551615 18446744073709551615 err Overflow 1000001 18446762520453625323551614 676448386 18446744073709551614
Z 1000001 18446762520453625323551614 676448386 18446744073709551614 100 0
R 18446744073709551615 0 err ExceedsSupply 1000001 18446762520453625323551614 676448386 18446744073709551614
Z 1000001 18446762520453625323551614 676448386 18446744073709551614 100 0
D 0 err ZeroAmount 1000001 18446762520453625323551614 676448386 18446744073709551614
Z 1000001 18446762520453625323551614 676448386 18446744073709551614 100 0
D 1 ok 1000001 18446762520453625323551614 1676448386 18446744073709551614
Z 1000001 18446762520453625323551614 676448386 18446744073709551614 100 0
D 2 ok 1000001 18446762520453625323551614 2676448386 18446744073709551614
Z 1000001 18446762520453625323551614 676448386 18446744073709551614 100 0
D 18446744073709551614 ok 1001000001 18465190836230005239323551614 676448386 18446744073709551614
Z 1000001 18446762520453625323551614 676448386 18446744073709551614 100 0
D 18446744073709551615 ok 1001000001 18465190836230005239323551614 1676448386 18446744073709551614
Z 1000001 18446762520453625323551614 676448386 18446744073709551614 100 0
M 1 0 err Slippage 1000001 18446762520453625323551614 676448386 18446744073709551614
Z 1000001 18446762520453625323551614 676448386 18446744073709551614 100 0
M 1 1 ok 1 0 0 1000001 18446762520453625324551615 1675448385 18446744073709551615
Z 1000001 18446762520453625323551614 676448386 18446744073709551614 100 0
M 1 2 ok 1 0 0 1000001 18446762520453625324551615 1675448385 18446744073709551615
Z 1000001 18446762520453625323551614 676448386 18446744073709551614 100 0
M 7 0 err Overflow|Slippage 1000001 18446762520453625323551614 676448386 18446744073709551614
Z 1000001 18446762520453625323551614 676448386 18446744073709551614 100 0
M 7 1 err Overflow 1000001 18446762520453625323551614 676448386 18446744073709551614
Z 1000001 18446762520453625323551614 676448386 18446744073709551614 100 0
M 7 2 err Overflow 1000001 18446762520453625323551614 676448386 18446744073709551614
Z 1000001 18446762520453625323551614 676448386 18446744073709551614 1000 1000
M 0 18446744073709551615 err ZeroAmount 1000001 18446762520453625323551614 676448386 18446744073709551614
Z 1000001 18446762520453625323551614 676448386 18446744073709551614 1000 1000
R 0 0 err ZeroAmount 1000001 18446762520453625323551614 676448386 18446744073709551614
Z 1000001 18446762520453625323551614 676448386 18446744073709551614 1000 1000
M 1 18446744073709551615 ok 1 0 0 1000001 18446762520453625324551615 1675448385 18446744073709551615
Z 1000001 18446762520453625323551614 676448386 18446744073709551614 1000 1000
R 1 0 err ZeroPayout 1000001 18446762520453625323551614 676448386 18446744073709551614
Z 1000001 18446762520453625323551614 676448386 18446744073709551614 1000 1000
M 2 18446744073709551615 err Overflow 1000001 18446762520453625323551614 676448386 18446744073709551614
Z 1000001 18446762520453625323551614 676448386 18446744073709551614 1000 1000
R 2 0 err ZeroPayout 1000001 18446762520453625323551614 676448386 18446744073709551614
Z 1000001 18446762520453625323551614 676448386 18446744073709551614 1000 1000
M 18446744073709551613 18446744073709551615 err Overflow 1000001 18446762520453625323551614 676448386 18446744073709551614
Z 1000001 18446762520453625323551614 676448386 18446744073709551614 1000 1000
R 18446744073709551613 0 ok 16535677923334629 33204172536817 33204172536816 1844676252045364000000000 1844676252045364000000000 0 1
Z 1000001 18446762520453625323551614 676448386 18446744073709551614 1000 1000
M 18446744073709551614 18446744073709551615 err Overflow 1000001 18446762520453625323551614 676448386 18446744073709551614
Z 1000001 18446762520453625323551614 676448386 18446744073709551614 1000 1000
R 18446744073709551614 0 ok 16535677923334629 33204172536817 33204172536816 1000001 0 0 0
Z 1000001 18446762520453625323551614 676448386 18446744073709551614 1000 1000
M 18446744073709551615 18446744073709551615 err Overflow 1000001 18446762520453625323551614 676448386 18446744073709551614
Z 1000001 18446762520453625323551614 676448386 18446744073709551614 1000 1000
R 18446744073709551615 0 err ExceedsSupply 1000001 18446762520453625323551614 676448386 18446744073709551614
Z 1000001 18446762520453625323551614 676448386 18446744073709551614 1000 1000
D 0 err ZeroAmount 1000001 18446762520453625323551614 676448386 18446744073709551614
Z 1000001 18446762520453625323551614 676448386 18446744073709551614 1000 1000
D 1 ok 1000001 18446762520453625323551614 1676448386 18446744073709551614
Z 1000001 18446762520453625323551614 676448386 18446744073709551614 1000 1000
D 2 ok 1000001 18446762520453625323551614 2676448386 18446744073709551614
Z 1000001 18446762520453625323551614 676448386 18446744073709551614 1000 1000
D 18446744073709551614 ok 1001000001 18465190836230005239323551614 676448386 18446744073709551614
Z 1000001 18446762520453625323551614 676448386 18446744073709551614 1000 1000
D 18446744073709551615 ok 1001000001 18465190836230005239323551614 1676448386 18446744073709551614
Z 1000001 18446762520453625323551614 676448386 18446744073709551614 1000 1000
M 1 0 err Slippage 1000001 18446762520453625323551614 676448386 18446744073709551614
Z 1000001 18446762520453625323551614 676448386 18446744073709551614 1000 1000
M 1 1 ok 1 0 0 1000001 18446762520453625324551615 1675448385 18446744073709551615
Z 1000001 18446762520453625323551614 676448386 18446744073709551614 1000 1000
M 1 2 ok 1 0 0 1000001 18446762520453625324551615 1675448385 18446744073709551615
Z 1000001 18446762520453625323551614 676448386 18446744073709551614 1000 1000
M 7 0 err Overflow|Slippage 1000001 18446762520453625323551614 676448386 18446744073709551614
Z 1000001 18446762520453625323551614 676448386 18446744073709551614 1000 1000
M 7 1 err Overflow 1000001 18446762520453625323551614 676448386 18446744073709551614
Z 1000001 18446762520453625323551614 676448386 18446744073709551614 1000 1000
M 7 2 err Overflow 1000001 18446762520453625323551614 676448386 18446744073709551614
Z 1000001 18446762520453625323551614 676448386 18446744073709551614 200 100
M 0 18446744073709551615 err ZeroAmount 1000001 18446762520453625323551614 676448386 18446744073709551614
Z 1000001 18446762520453625323551614 676448386 18446744073709551614 200 100
R 0 0 err ZeroAmount 1000001 18446762520453625323551614 676448386 18446744073709551614
Z 1000001 18446762520453625323551614 676448386 18446744073709551614 200 100
M 1 18446744073709551615 ok 1 0 0 1000001 18446762520453625324551615 1675448385 18446744073709551615
Z 1000001 18446762520453625323551614 676448386 18446744073709551614 200 100
R 1 0 err ZeroPayout 1000001 18446762520453625323551614 676448386 18446744073709551614
Z 1000001 18446762520453625323551614 676448386 18446744073709551614 200 100
M 2 18446744073709551615 err Overflow 1000001 18446762520453625323551614 676448386 18446744073709551614
Z 1000001 18446762520453625323551614 676448386 18446744073709551614 200 100
R 2 0 err ZeroPayout 1000001 18446762520453625323551614 676448386 18446744073709551614
Z 1000001 18446762520453625323551614 676448386 18446744073709551614 200 100
M 18446744073709551613 18446744073709551615 err Overflow 1000001 18446762520453625323551614 676448386 18446744073709551614
Z 1000001 18446762520453625323551614 676448386 18446744073709551614 200 100
R 18446744073709551613 0 ok 18005515960964374 36155654540089 36155654540089 368935250409074000000000 368935250409074000000000 0 1
Z 1000001 18446762520453625323551614 676448386 18446744073709551614 200 100
M 18446744073709551614 18446744073709551615 err Overflow 1000001 18446762520453625323551614 676448386 18446744073709551614
Z 1000001 18446762520453625323551614 676448386 18446744073709551614 200 100
R 18446744073709551614 0 ok 18005515960964374 36155654540089 36155654540089 1000001 0 0 0
Z 1000001 18446762520453625323551614 676448386 18446744073709551614 200 100
M 18446744073709551615 18446744073709551615 err Overflow 1000001 18446762520453625323551614 676448386 18446744073709551614
Z 1000001 18446762520453625323551614 676448386 18446744073709551614 200 100
R 18446744073709551615 0 err ExceedsSupply 1000001 18446762520453625323551614 676448386 18446744073709551614
Z 1000001 18446762520453625323551614 676448386 18446744073709551614 200 100
D 0 err ZeroAmount 1000001 18446762520453625323551614 676448386 18446744073709551614
Z 1000001 18446762520453625323551614 676448386 18446744073709551614 200 100
D 1 ok 1000001 18446762520453625323551614 1676448386 18446744073709551614
Z 1000001 18446762520453625323551614 676448386 18446744073709551614 200 100
D 2 ok 1000001 18446762520453625323551614 2676448386 18446744073709551614
Z 1000001 18446762520453625323551614 676448386 18446744073709551614 200 100
D 18446744073709551614 ok 1001000001 18465190836230005239323551614 676448386 18446744073709551614
Z 1000001 18446762520453625323551614 676448386 18446744073709551614 200 100
D 18446744073709551615 ok 1001000001 18465190836230005239323551614 1676448386 18446744073709551614
Z 1000001 18446762520453625323551614 676448386 18446744073709551614 200 100
M 1 0 err Slippage 1000001 18446762520453625323551614 676448386 18446744073709551614
Z 1000001 18446762520453625323551614 676448386 18446744073709551614 200 100
M 1 1 ok 1 0 0 1000001 18446762520453625324551615 1675448385 18446744073709551615
Z 1000001 18446762520453625323551614 676448386 18446744073709551614 200 100
M 1 2 ok 1 0 0 1000001 18446762520453625324551615 1675448385 18446744073709551615
Z 1000001 18446762520453625323551614 676448386 18446744073709551614 200 100
M 7 0 err Overflow|Slippage 1000001 18446762520453625323551614 676448386 18446744073709551614
Z 1000001 18446762520453625323551614 676448386 18446744073709551614 200 100
M 7 1 err Overflow 1000001 18446762520453625323551614 676448386 18446744073709551614
Z 1000001 18446762520453625323551614 676448386 18446744073709551614 200 100
M 7 2 err Overflow 1000001 18446762520453625323551614 676448386 18446744073709551614
Z 999999999999999 0 0 0 100 0
M 0 18446744073709551615 err ZeroAmount 999999999999999 0 0 0
Z 999999999999999 0 0 0 100 0
R 0 0 err ZeroAmount 999999999999999 0 0 0
Z 999999999999999 0 0 0 100 0
M 1 18446744073709551615 ok 1004000 2000 2000 1000000000000000 1000000000000000 0 1
Z 999999999999999 0 0 0 100 0
R 1 0 err ExceedsSupply 999999999999999 0 0 0
Z 999999999999999 0 0 0 100 0
M 2 18446744073709551615 ok 2008000 4000 4000 1000000000000000 2000000000000000 0 2
Z 999999999999999 0 0 0 100 0
R 2 0 err ExceedsSupply 999999999999999 0 0 0
Z 999999999999999 0 0 0 100 0
M 18446744073709551614 18446744073709551615 err Overflow|Slippage 999999999999999 0 0 0
Z 999999999999999 0 0 0 100 0
R 18446744073709551614 0 err ExceedsSupply 999999999999999 0 0 0
Z 999999999999999 0 0 0 100 0
M 18446744073709551615 18446744073709551615 err Overflow|Slippage 999999999999999 0 0 0
Z 999999999999999 0 0 0 100 0
R 18446744073709551615 0 err ExceedsSupply 999999999999999 0 0 0
Z 999999999999999 0 0 0 100 0
D 0 err ZeroAmount 999999999999999 0 0 0
Z 999999999999999 0 0 0 100 0
D 1 err NoHolders 999999999999999 0 0 0
Z 999999999999999 0 0 0 100 0
D 2 err NoHolders 999999999999999 0 0 0
Z 999999999999999 0 0 0 100 0
D 18446744073709551614 err NoHolders 999999999999999 0 0 0
Z 999999999999999 0 0 0 100 0
D 18446744073709551615 err NoHolders 999999999999999 0 0 0
Z 999999999999999 0 0 0 100 0
M 1 1003999 err Slippage 999999999999999 0 0 0
Z 999999999999999 0 0 0 100 0
M 1 1004000 ok 1004000 2000 2000 1000000000000000 1000000000000000 0 1
Z 999999999999999 0 0 0 100 0
M 1 1004001 ok 1004000 2000 2000 1000000000000000 1000000000000000 0 1
Z 999999999999999 0 0 0 100 0
M 7 7027999 err Slippage 999999999999999 0 0 0
Z 999999999999999 0 0 0 100 0
M 7 7028000 ok 7028000 14000 14000 1000000000000000 7000000000000000 0 7
Z 999999999999999 0 0 0 100 0
M 7 7028001 ok 7028000 14000 14000 1000000000000000 7000000000000000 0 7
Z 999999999999999 0 0 0 1000 1000
M 0 18446744073709551615 err ZeroAmount 999999999999999 0 0 0
Z 999999999999999 0 0 0 1000 1000
R 0 0 err ZeroAmount 999999999999999 0 0 0
Z 999999999999999 0 0 0 1000 1000
M 1 18446744073709551615 ok 1004000 2000 2000 1000000000000000 1000000000000000 0 1
Z 999999999999999 0 0 0 1000 1000
R 1 0 err ExceedsSupply 999999999999999 0 0 0
Z 999999999999999 0 0 0 1000 1000
M 2 18446744073709551615 ok 2008000 4000 4000 1000000000000000 2000000000000000 0 2
Z 999999999999999 0 0 0 1000 1000
R 2 0 err ExceedsSupply 999999999999999 0 0 0
Z 999999999999999 0 0 0 1000 1000
M 18446744073709551614 18446744073709551615 err Overflow|Slippage 999999999999999 0 0 0
Z 999999999999999 0 0 0 1000 1000
R 18446744073709551614 0 err ExceedsSupply 999999999999999 0 0 0
Z 999999999999999 0 0 0 1000 1000
M 18446744073709551615 18446744073709551615 err Overflow|Slippage 999999999999999 0 0 0
Z 999999999999999 0 0 0 1000 1000
R 18446744073709551615 0 err ExceedsSupply 999999999999999 0 0 0
Z 999999999999999 0 0 0 1000 1000
D 0 err ZeroAmount 999999999999999 0 0 0
Z 999999999999999 0 0 0 1000 1000
D 1 err NoHolders 999999999999999 0 0 0
Z 999999999999999 0 0 0 1000 1000
D 2 err NoHolders 999999999999999 0 0 0
Z 999999999999999 0 0 0 1000 1000
D 18446744073709551614 err NoHolders 999999999999999 0 0 0
Z 999999999999999 0 0 0 1000 1000
D 18446744073709551615 err NoHolders 999999999999999 0 0 0
Z 999999999999999 0 0 0 1000 1000
M 1 1003999 err Slippage 999999999999999 0 0 0
Z 999999999999999 0 0 0 1000 1000
M 1 1004000 ok 1004000 2000 2000 1000000000000000 1000000000000000 0 1
Z 999999999999999 0 0 0 1000 1000
M 1 1004001 ok 1004000 2000 2000 1000000000000000 1000000000000000 0 1
Z 999999999999999 0 0 0 1000 1000
M 7 7027999 err Slippage 999999999999999 0 0 0
Z 999999999999999 0 0 0 1000 1000
M 7 7028000 ok 7028000 14000 14000 1000000000000000 7000000000000000 0 7
Z 999999999999999 0 0 0 1000 1000
M 7 7028001 ok 7028000 14000 14000 1000000000000000 7000000000000000 0 7
Z 999999999999999 0 0 0 200 100
M 0 18446744073709551615 err ZeroAmount 999999999999999 0 0 0
Z 999999999999999 0 0 0 200 100
R 0 0 err ZeroAmount 999999999999999 0 0 0
Z 999999999999999 0 0 0 200 100
M 1 18446744073709551615 ok 1004000 2000 2000 1000000000000000 1000000000000000 0 1
Z 999999999999999 0 0 0 200 100
R 1 0 err ExceedsSupply 999999999999999 0 0 0
Z 999999999999999 0 0 0 200 100
M 2 18446744073709551615 ok 2008000 4000 4000 1000000000000000 2000000000000000 0 2
Z 999999999999999 0 0 0 200 100
R 2 0 err ExceedsSupply 999999999999999 0 0 0
Z 999999999999999 0 0 0 200 100
M 18446744073709551614 18446744073709551615 err Overflow|Slippage 999999999999999 0 0 0
Z 999999999999999 0 0 0 200 100
R 18446744073709551614 0 err ExceedsSupply 999999999999999 0 0 0
Z 999999999999999 0 0 0 200 100
M 18446744073709551615 18446744073709551615 err Overflow|Slippage 999999999999999 0 0 0
Z 999999999999999 0 0 0 200 100
R 18446744073709551615 0 err ExceedsSupply 999999999999999 0 0 0
Z 999999999999999 0 0 0 200 100
D 0 err ZeroAmount 999999999999999 0 0 0
Z 999999999999999 0 0 0 200 100
D 1 err NoHolders 999999999999999 0 0 0
Z 999999999999999 0 0 0 200 100
D 2 err NoHolders 999999999999999 0 0 0
Z 999999999999999 0 0 0 200 100
D 18446744073709551614 err NoHolders 999999999999999 0 0 0
Z 999999999999999 0 0 0 200 100
D 18446744073709551615 err NoHolders 999999999999999 0 0 0
Z 999999999999999 0 0 0 200 100
M 1 1003999 err Slippage 999999999999999 0 0 0
Z 999999999999999 0 0 0 200 100
M 1 1004000 ok 1004000 2000 2000 1000000000000000 1000000000000000 0 1
Z 999999999999999 0 0 0 200 100
M 1 1004001 ok 1004000 2000 2000 1000000000000000 1000000000000000 0 1
Z 999999999999999 0 0 0 200 100
M 7 7027999 err Slippage 999999999999999 0 0 0
Z 999999999999999 0 0 0 200 100
M 7 7028000 ok 7028000 14000 14000 1000000000000000 7000000000000000 0 7
Z 999999999999999 0 0 0 200 100
M 7 7028001 ok 7028000 14000 14000 1000000000000000 7000000000000000 0 7
Z 999999999999999 999999999999999000000000 0 1000000000 100 0
M 0 18446744073709551615 err ZeroAmount 999999999999999 999999999999999000000000 0 1000000000
Z 999999999999999 999999999999999000000000 0 1000000000 100 0
R 0 0 err ZeroAmount 999999999999999 999999999999999000000000 0 1000000000
Z 999999999999999 999999999999999000000000 0 1000000000 100 0
M 1 18446744073709551615 ok 1004000 2000 2000 999999999999999 1000000000999998999999999 1 1000000001
Z 999999999999999 999999999999999000000000 0 1000000000 100 0
R 1 0 ok 986040 1980 1979 1000000000010000 999999999009999999990000 10000 999999999
Z 999999999999999 999999999999999000000000 0 1000000000 100 0
M 2 18446744073709551615 ok 2008000 4000 4000 999999999999999 1000000001999998999999998 2 1000000002
Z 999999999999999 999999999999999000000000 0 1000000000 100 0
R 2 0 ok 1972080 3960 3959 1000000000020000 999999998019999999960000 40000 999999998
Z 999999999999999 999999999999999000000000 0 1000000000 100 0
M 999999999 18446744073709551615 ok 1003999998996000 1999999998000 1999999998000 999999999999999 1999999998999998000000001 999999999 1999999999
Z 999999999999999 999999999999999000000000 0 1000000000 100 0
R 999999999 0 ok 986039999013960 1979999998020 1979999998019 10000000990000000000000 10000000990000000000000 0 1
Z 999999999999999 999999999999999000000000 0 1000000000 100 0
M 1000000000 18446744073709551615 ok 1003999999999998 2000000000000 1999999999999 999999999999999 1999999999999998000000000 0 2000000000
Z 999999999999999 999999999999999000000000 0 1000000000 100 0
R 1000000000 0 ok 986040000000000 1980000000000 1979999999999 999999999999999 0 0 0
Z 999999999999999 999999999999999000000000 0 1000000000 100 0
M 1000000001 18446744073709551615 ok 1004000001003998 2000000002000 2000000001999 999999999999999 2000000000999997999999999 1 2000000001
Z 999999999999999 999999999999999000000000 0 1000000000 100 0
R 1000000001 0 err ExceedsSupply 999999999999999 999999999999999000000000 0 1000000000
Z 999999999999999 999999999999999000000000 0 1000000000 100 0
M 18446744073709551614 18446744073709551615 err Overflow|Slippage 999999999999999 999999999999999000000000 0 1000000000
Z 999999999999999 999999999999999000000000 0 1000000000 100 0
R 18446744073709551614 0 err ExceedsSupply 999999999999999 999999999999999000000000 0 1000000000
Z 999999999999999 999999999999999000000000 0 1000000000 100 0
M 18446744073709551615 18446744073709551615 err Overflow|Slippage 999999999999999 999999999999999000000000 0 1000000000
Z 999999999999999 999999999999999000000000 0 1000000000 100 0
R 18446744073709551615 0 err ExceedsSupply 999999999999999 999999999999999000000000 0 1000000000
Z 999999999999999 999999999999999000000000 0 1000000000 100 0
D 0 err ZeroAmount 999999999999999 999999999999999000000000 0 1000000000
Z 999999999999999 999999999999999000000000 0 1000000000 100 0
D 1 ok 1000000000000000 1000000000000000000000000 0 1000000000
Z 999999999999999 999999999999999000000000 0 1000000000 100 0
D 2 ok 1000000000000001 1000000000000001000000000 0 1000000000
Z 999999999999999 999999999999999000000000 0 1000000000 100 0
D 18446744073709551614 ok 18447744073709551613 18447744073709551613000000000 0 1000000000
Z 999999999999999 999999999999999000000000 0 1000000000 100 0
D 18446744073709551615 ok 18447744073709551614 18447744073709551614000000000 0 1000000000
Z 999999999999999 999999999999999000000000 0 1000000000 100 0
M 1 1003999 err Slippage 999999999999999 999999999999999000000000 0 1000000000
Z 999999999999999 999999999999999000000000 0 1000000000 100 0
M 1 1004000 ok 1004000 2000 2000 999999999999999 1000000000999998999999999 1 1000000001
Z 999999999999999 999999999999999000000000 0 1000000000 100 0
M 1 1004001 ok 1004000 2000 2000 999999999999999 1000000000999998999999999 1 1000000001
Z 999999999999999 999999999999999000000000 0 1000000000 100 0
R 1 986039 ok 986040 1980 1979 1000000000010000 999999999009999999990000 10000 999999999
Z 999999999999999 999999999999999000000000 0 1000000000 100 0
R 1 986040 ok 986040 1980 1979 1000000000010000 999999999009999999990000 10000 999999999
Z 999999999999999 999999999999999000000000 0 1000000000 100 0
R 1 986041 err Slippage 999999999999999 999999999999999000000000 0 1000000000
Z 999999999999999 999999999999999000000000 0 1000000000 100 0
M 7 7027999 err Slippage 999999999999999 999999999999999000000000 0 1000000000
Z 999999999999999 999999999999999000000000 0 1000000000 100 0
M 7 7028000 ok 7028000 14000 14000 999999999999999 1000000006999998999999993 7 1000000007
Z 999999999999999 999999999999999000000000 0 1000000000 100 0
M 7 7028001 ok 7028000 14000 14000 999999999999999 1000000006999998999999993 7 1000000007
Z 999999999999999 999999999999999000000000 0 1000000000 100 0
R 7 6902279 ok 6902280 13860 13859 1000000000070000 999999993069999999510000 490000 999999993
Z 999999999999999 999999999999999000000000 0 1000000000 100 0
R 7 6902280 ok 6902280 13860 13859 1000000000070000 999999993069999999510000 490000 999999993
Z 999999999999999 999999999999999000000000 0 1000000000 100 0
R 7 6902281 err Slippage 999999999999999 999999999999999000000000 0 1000000000
Z 999999999999999 999999999999999000000000 0 1000000000 1000 1000
M 0 18446744073709551615 err ZeroAmount 999999999999999 999999999999999000000000 0 1000000000
Z 999999999999999 999999999999999000000000 0 1000000000 1000 1000
R 0 0 err ZeroAmount 999999999999999 999999999999999000000000 0 1000000000
Z 999999999999999 999999999999999000000000 0 1000000000 1000 1000
M 1 18446744073709551615 ok 1104001 2000 2000 1000000000099999 1000000001099999000099999 999900001 1000000001
Z 999999999999999 999999999999999000000000 0 1000000000 1000 1000
R 1 0 ok 896400 1800 1799 1000000000100000 999999999099999999900000 100000 999999999
Z 999999999999999 999999999999999000000000 0 1000000000 1000 1000
M 2 18446744073709551615 ok 2208001 4000 4000 1000000000199999 1000000002199999000399998 999600002 1000000002
Z 999999999999999 999999999999999000000000 0 1000000000 1000 1000
R 2 0 ok 1792800 3600 3599 1000000000200000 999999998199999999600000 400000 999999998
Z 999999999999999 999999999999999000000000 0 1000000000 1000 1000
M 999999999 18446744073709551615 ok 1204399998695197 2199999997600 2199999997599 1099999999899998 2199999998699996000100002 999899998 1999999999
Z 999999999999999 999999999999999000000000 0 1000000000 1000 1000
R 999999999 0 ok 896399999103600 1799999998200 1799999998199 100000000900000000000000 100000000900000000000000 0 1
Z 999999999999999 999999999999999000000000 0 1000000000 1000 1000
M 1000000000 18446744073709551615 ok 1204399999999997 2200000000000 2199999999999 1099999999999998 2199999999999996000000000 1000000000 2000000000
Z 999999999999999 999999999999999000000000 0 1000000000 1000 1000
R 1000000000 0 ok 896400000000000 1800000000000 1799999999999 999999999999999 0 0 0
Z 999999999999999 999999999999999000000000 0 1000000000 1000 1000
M 1000000001 18446744073709551615 ok 1204400001304797 2200000002400 2200000002399 1100000000099998 2200000001299996000099998 999900002 2000000001
Z 999999999999999 999999999999999000000000 0 1000000000 1000 1000
R 1000000001 0 err ExceedsSupply 999999999999999 999999999999999000000000 0 1000000000
Z 999999999999999 999999999999999000000000 0 1000000000 1000 1000
M 18446744073709551614 18446744073709551615 err Overflow|Slippage 999999999999999 999999999999999000000000 0 1000000000
Z 999999999999999 999999999999999000000000 0 1000000000 1000 1000
R 18446744073709551614 0 err ExceedsSupply 999999999999999 999999999999999000000000 0 1000000000
Z 999999999999999 999999999999999000000000 0 1000000000 1000 1000
M 18446744073709551615 18446744073709551615 err Overflow|Slippage 999999999999999 999999999999999000000000 0 1000000000
Z 999999999999999 999999999999999000000000 0 1000000000 1000 1000
R 18446744073709551615 0 err ExceedsSupply 999999999999999 999999999999999000000000 0 1000000000
Z 999999999999999 999999999999999000000000 0 1000000000 1000 1000
D 0 err ZeroAmount 999999999999999 999999999999999000000000 0 1000000000
Z 999999999999999 999999999999999000000000 0 1000000000 1000 1000
D 1 ok 1000000000000000 1000000000000000000000000 0 1000000000
Z 999999999999999 999999999999999000000000 0 1000000000 1000 1000
D 2 ok 1000000000000001 1000000000000001000000000 0 1000000000
Z 999999999999999 999999999999999000000000 0 1000000000 1000 1000
D 18446744073709551614 ok 18447744073709551613 18447744073709551613000000000 0 1000000000
Z 999999999999999 999999999999999000000000 0 1000000000 1000 1000
D 18446744073709551615 ok 18447744073709551614 18447744073709551614000000000 0 1000000000
Z 999999999999999 999999999999999000000000 0 1000000000 1000 1000
M 1 1104000 err Slippage 999999999999999 999999999999999000000000 0 1000000000
Z 999999999999999 999999999999999000000000 0 1000000000 1000 1000
M 1 1104001 ok 1104001 2000 2000 1000000000099999 1000000001099999000099999 999900001 1000000001
Z 999999999999999 999999999999999000000000 0 1000000000 1000 1000
M 1 1104002 ok 1104001 2000 2000 1000000000099999 1000000001099999000099999 999900001 1000000001
Z 999999999999999 999999999999999000000000 0 1000000000 1000 1000
R 1 896399 ok 896400 1800 1799 1000000000100000 999999999099999999900000 100000 999999999
Z 999999999999999 999999999999999000000000 0 1000000000 1000 1000
R 1 896400 ok 896400 1800 1799 1000000000100000 999999999099999999900000 100000 999999999
Z 999999999999999 999999999999999000000000 0 1000000000 1000 1000
R 1 896401 err Slippage 999999999999999 999999999999999000000000 0 1000000000
Z 999999999999999 999999999999999000000000 0 1000000000 1000 1000
M 7 7728000 err Slippage 999999999999999 999999999999999000000000 0 1000000000
Z 999999999999999 999999999999999000000000 0 1000000000 1000 1000
M 7 7728001 ok 7728001 14000 14000 1000000000699999 1000000007699999004899993 995100007 1000000007
Z 999999999999999 999999999999999000000000 0 1000000000 1000 1000
M 7 7728002 ok 7728001 14000 14000 1000000000699999 1000000007699999004899993 995100007 1000000007
Z 999999999999999 999999999999999000000000 0 1000000000 1000 1000
R 7 6274799 ok 6274800 12600 12599 1000000000700000 999999993699999995100000 4900000 999999993
Z 999999999999999 999999999999999000000000 0 1000000000 1000 1000
R 7 6274800 ok 6274800 12600 12599 1000000000700000 999999993699999995100000 4900000 999999993
Z 999999999999999 999999999999999000000000 0 1000000000 1000 1000
R 7 6274801 err Slippage 999999999999999 999999999999999000000000 0 1000000000
Z 999999999999999 999999999999999000000000 0 1000000000 200 100
M 0 18446744073709551615 err ZeroAmount 999999999999999 999999999999999000000000 0 1000000000
Z 999999999999999 999999999999999000000000 0 1000000000 200 100
R 0 0 err ZeroAmount 999999999999999 999999999999999000000000 0 1000000000
Z 999999999999999 999999999999999000000000 0 1000000000 200 100
M 1 18446744073709551615 ok 1014001 2000 2000 1000000000009999 1000000001009999000009999 999990001 1000000001
Z 999999999999999 999999999999999000000000 0 1000000000 200 100
R 1 0 ok 976080 1960 1959 1000000000020000 999999999019999999980000 20000 999999999
Z 999999999999999 999999999999999000000000 0 1000000000 200 100
M 2 18446744073709551615 ok 2028001 4000 4000 1000000000019999 1000000002019999000039998 999960002 1000000002
Z 999999999999999 999999999999999000000000 0 1000000000 200 100
R 2 0 ok 1952160 3920 3919 1000000000040000 999999998039999999920000 80000 999999998
Z 999999999999999 999999999999999000000000 0 1000000000 200 100
M 999999999 18446744073709551615 ok 1024039998965917 2019999997960 2019999997959 1009999999989998 2019999998969996000010002 999989998 1999999999
Z 999999999999999 999999999999999000000000 0 1000000000 200 100
R 999999999 0 ok 976079999023920 1959999998040 1959999998039 20000000980000000000000 20000000980000000000000 0 1
Z 999999999999999 999999999999999000000000 0 1000000000 200 100
M 1000000000 18446744073709551615 ok 1024039999999997 2020000000000 2019999999999 1009999999999998 2019999999999996000000000 1000000000 2000000000
Z 999999999999999 999999999999999000000000 0 1000000000 200 100
R 1000000000 0 ok 976080000000000 1960000000000 1959999999999 999999999999999 0 0 0
Z 999999999999999 999999999999999000000000 0 1000000000 200 100
M 1000000001 18446744073709551615 ok 1024040001034077 2020000002040 2020000002039 1010000000009998 2020000001029996000009998 999990002 2000000001
Z 999999999999999 999999999999999000000000 0 1000000000 200 100
R 1000000001 0 err ExceedsSupply 999999999999999 999999999999999000000000 0 1000000000
Z 999999999999999 999999999999999000000000 0 1000000000 200 100
M 18446744073709551614 18446744073709551615 err Overflow|Slippage 999999999999999 999999999999999000000000 0 1000000000
Z 999999999999999 999999999999999000000000 0 1000000000 200 100
R 18446744073709551614 0 err ExceedsSupply 999999999999999 999999999999999000000000 0 1000000000
Z 999999999999999 999999999999999000000000 0 1000000000 200 100
M 18446744073709551615 18446744073709551615 err Overflow|Slippage 999999999999999 999999999999999000000000 0 1000000000
Z 999999999999999 999999999999999000000000 0 1000000000 200 100
R 18446744073709551615 0 err ExceedsSupply 999999999999999 999999999999999000000000 0 1000000000
Z 999999999999999 999999999999999000000000 0 1000000000 200 100
D 0 err ZeroAmount 999999999999999 999999999999999000000000 0 1000000000
Z 999999999999999 999999999999999000000000 0 1000000000 200 100
D 1 ok 1000000000000000 1000000000000000000000000 0 1000000000
Z 999999999999999 999999999999999000000000 0 1000000000 200 100
D 2 ok 1000000000000001 1000000000000001000000000 0 1000000000
Z 999999999999999 999999999999999000000000 0 1000000000 200 100
D 18446744073709551614 ok 18447744073709551613 18447744073709551613000000000 0 1000000000
Z 999999999999999 999999999999999000000000 0 1000000000 200 100
D 18446744073709551615 ok 18447744073709551614 18447744073709551614000000000 0 1000000000
Z 999999999999999 999999999999999000000000 0 1000000000 200 100
M 1 1014000 err Slippage 999999999999999 999999999999999000000000 0 1000000000
Z 999999999999999 999999999999999000000000 0 1000000000 200 100
M 1 1014001 ok 1014001 2000 2000 1000000000009999 1000000001009999000009999 999990001 1000000001
Z 999999999999999 999999999999999000000000 0 1000000000 200 100
M 1 1014002 ok 1014001 2000 2000 1000000000009999 1000000001009999000009999 999990001 1000000001
Z 999999999999999 999999999999999000000000 0 1000000000 200 100
R 1 976079 ok 976080 1960 1959 1000000000020000 999999999019999999980000 20000 999999999
Z 999999999999999 999999999999999000000000 0 1000000000 200 100
R 1 976080 ok 976080 1960 1959 1000000000020000 999999999019999999980000 20000 999999999
Z 999999999999999 999999999999999000000000 0 1000000000 200 100
R 1 976081 err Slippage 999999999999999 999999999999999000000000 0 1000000000
Z 999999999999999 999999999999999000000000 0 1000000000 200 100
M 7 7098000 err Slippage 999999999999999 999999999999999000000000 0 1000000000
Z 999999999999999 999999999999999000000000 0 1000000000 200 100
M 7 7098001 ok 7098001 14000 14000 1000000000069999 1000000007069999000489993 999510007 1000000007
Z 999999999999999 999999999999999000000000 0 1000000000 200 100
M 7 7098002 ok 7098001 14000 14000 1000000000069999 1000000007069999000489993 999510007 1000000007
Z 999999999999999 999999999999999000000000 0 1000000000 200 100
R 7 6832559 ok 6832560 13720 13719 1000000000140000 999999993139999999020000 980000 999999993
Z 999999999999999 999999999999999000000000 0 1000000000 200 100
R 7 6832560 ok 6832560 13720 13719 1000000000140000 999999993139999999020000 980000 999999993
Z 999999999999999 999999999999999000000000 0 1000000000 200 100
R 7 6832561 err Slippage 999999999999999 999999999999999000000000 0 1000000000
Z 999999999999999 999999999999999000000000000000 0 1000000000000000 100 0
M 0 18446744073709551615 err ZeroAmount 999999999999999 999999999999999000000000000000 0 1000000000000000
Z 999999999999999 999999999999999000000000000000 0 1000000000000000 100 0
R 0 0 err ZeroAmount 999999999999999 999999999999999000000000000000 0 1000000000000000
Z 999999999999999 999999999999999000000000000000 0 1000000000000000 100 0
M 1 18446744073709551615 ok 1004000 2000 2000 999999999999999 999999999999999999999999999999 1 1000000000000001
Z 999999999999999 999999999999999000000000000000 0 1000000000000000 100 0
R 1 0 ok 986040 1980 1979 999999999999999 999999999999998000000000000001 10000999999999 999999999999999
Z 999999999999999 999999999999999000000000000000 0 1000000000000000 100 0
M 2 18446744073709551615 ok 2008000 4000 4000 999999999999999 1000000000000000999999999999998 2 1000000000000002
Z 999999999999999 999999999999999000000000000000 0 1000000000000000 100 0
R 2 0 ok 1972080 3960 3959 999999999999999 999999999999997000000000000002 20000999999998 999999999999998
Z 999999999999999 999999999999999000000000000000 0 1000000000000000 100 0
M 999999999999999 18446744073709551615 err Overflow|Slippage 999999999999999 999999999999999000000000000000 0 1000000000000000
Z 999999999999999 999999999999999000000000000000 0 1000000000000000 100 0
R 999999999999999 0 err Overflow 999999999999999 999999999999999000000000000000 0 1000000000000000
Z 999999999999999 999999999999999000000000000000 0 1000000000000000 100 0
M 1000000000000000 18446744073709551615 err Overflow|Slippage 999999999999999 999999999999999000000000000000 0 1000000000000000
Z 999999999999999 999999999999999000000000000000 0 1000000000000000 100 0
R 1000000000000000 0 err Overflow 999999999999999 999999999999999000000000000000 0 1000000000000000
Z 999999999999999 999999999999999000000000000000 0 1000000000000000 100 0
M 1000000000000001 18446744073709551615 err Overflow|Slippage 999999999999999 999999999999999000000000000000 0 1000000000000000
Z 999999999999999 999999999999999000000000000000 0 1000000000000000 100 0
R 1000000000000001 0 err ExceedsSupply 999999999999999 999999999999999000000000000000 0 1000000000000000
Z 999999999999999 999999999999999000000000000000 0 1000000000000000 100 0
M 18446744073709551614 18446744073709551615 err Overflow|Slippage 999999999999999 999999999999999000000000000000 0 1000000000000000
Z 999999999999999 999999999999999000000000000000 0 1000000000000000 100 0
R 18446744073709551614 0 err ExceedsSupply 999999999999999 999999999999999000000000000000 0 1000000000000000
Z 999999999999999 999999999999999000000000000000 0 1000000000000000 100 0
M 18446744073709551615 18446744073709551615 err Overflow|Slippage 999999999999999 999999999999999000000000000000 0 1000000000000000
Z 999999999999999 999999999999999000000000000000 0 1000000000000000 100 0
R 18446744073709551615 0 err ExceedsSupply 999999999999999 999999999999999000000000000000 0 1000000000000000
Z 999999999999999 999999999999999000000000000000 0 1000000000000000 100 0
D 0 err ZeroAmount 999999999999999 999999999999999000000000000000 0 1000000000000000
Z 999999999999999 999999999999999000000000000000 0 1000000000000000 100 0
D 1 ok 999999999999999 999999999999999000000000000000 1000000000 1000000000000000
Z 999999999999999 999999999999999000000000000000 0 1000000000000000 100 0
D 2 ok 999999999999999 999999999999999000000000000000 2000000000 1000000000000000
Z 999999999999999 999999999999999000000000000000 0 1000000000000000 100 0
D 18446744073709551614 ok 1018446744073708 1018446744073708000000000000000 551614000000000 1000000000000000
Z 999999999999999 999999999999999000000000000000 0 1000000000000000 100 0
D 18446744073709551615 ok 1018446744073708 1018446744073708000000000000000 551615000000000 1000000000000000
Z 999999999999999 999999999999999000000000000000 0 1000000000000000 100 0
M 1 1003999 err Slippage 999999999999999 999999999999999000000000000000 0 1000000000000000
Z 999999999999999 999999999999999000000000000000 0 1000000000000000 100 0
M 1 1004000 ok 1004000 2000 2000 999999999999999 999999999999999999999999999999 1 1000000000000001
Z 999999999999999 999999999999999000000000000000 0 1000000000000000 100 0
M 1 1004001 ok 1004000 2000 2000 999999999999999 999999999999999999999999999999 1 1000000000000001
Z 999999999999999 999999999999999000000000000000 0 1000000000000000 100 0
R 1 986039 ok 986040 1980 1979 999999999999999 999999999999998000000000000001 10000999999999 999999999999999
Z 999999999999999 999999999999999000000000000000 0 1000000000000000 100 0
R 1 986040 ok 986040 1980 1979 999999999999999 999999999999998000000000000001 10000999999999 999999999999999
Z 999999999999999 999999999999999000000000000000 0 1000000000000000 100 0
R 1 986041 err Slippage 999999999999999 999999999999999000000000000000 0 1000000000000000
Z 999999999999999 999999999999999000000000000000 0 1000000000000000 100 0
M 7 7027999 err Slippage 999999999999999 999999999999999000000000000000 0 1000000000000000
Z 999999999999999 999999999999999000000000000000 0 1000000000000000 100 0
M 7 7028000 ok 7028000 14000 14000 999999999999999 1000000000000005999999999999993 7 1000000000000007
Z 999999999999999 999999999999999000000000000000 0 1000000000000000 100 0
M 7 7028001 ok 7028000 14000 14000 999999999999999 1000000000000005999999999999993 7 1000000000000007
Z 999999999999999 999999999999999000000000000000 0 1000000000000000 100 0
R 7 6902279 ok 6902280 13860 13859 999999999999999 999999999999992000000000000007 70000999999993 999999999999993
Z 999999999999999 999999999999999000000000000000 0 1000000000000000 100 0
R 7 6902280 ok 6902280 13860 13859 999999999999999 999999999999992000000000000007 70000999999993 999999999999993
Z 999999999999999 999999999999999000000000000000 0 1000000000000000 100 0
R 7 6902281 err Slippage 999999999999999 999999999999999000000000000000 0 1000000000000000
Z 999999999999999 999999999999999000000000000000 0 1000000000000000 1000 1000
M 0 18446744073709551615 err ZeroAmount 999999999999999 999999999999999000000000000000 0 1000000000000000
Z 999999999999999 999999999999999000000000000000 0 1000000000000000 1000 1000
R 0 0 err ZeroAmount 999999999999999 999999999999999000000000000000 0 1000000000000000
Z 999999999999999 999999999999999000000000000000 0 1000000000000000 1000 1000
M 1 18446744073709551615 ok 1104000 2000 2000 999999999999999 999999999999999999999999999999 100000000000001 1000000000000001
Z 999999999999999 999999999999999000000000000000 0 1000000000000000 1000 1000
R 1 0 ok 896400 1800 1799 999999999999999 999999999999998000000000000001 100000999999999 999999999999999
Z 999999999999999 999999999999999000000000000000 0 1000000000000000 1000 1000
M 2 18446744073709551615 ok 2208000 4000 4000 999999999999999 1000000000000000999999999999998 200000000000002 1000000000000002
Z 999999999999999 999999999999999000000000000000 0 1000000000000000 1000 1000
R 2 0 ok 1792800 3600 3599 999999999999999 999999999999997000000000000002 200000999999998 999999999999998
Z 999999999999999 999999999999999000000000000000 0 1000000000000000 1000 1000
M 999999999999999 18446744073709551615 err Overflow|Slippage 999999999999999 999999999999999000000000000000 0 1000000000000000
Z 999999999999999 999999999999999000000000000000 0 1000000000000000 1000 1000
R 999999999999999 0 err Overflow 999999999999999 999999999999999000000000000000 0 1000000000000000
Z 999999999999999 999999999999999000000000000000 0 1000000000000000 1000 1000
M 1000000000000000 18446744073709551615 err Overflow|Slippage 999999999999999 999999999999999000000000000000 0 1000000000000000
Z 999999999999999 999999999999999000000000000000 0 1000000000000000 1000 1000
R 1000000000000000 0 err Overflow 999999999999999 999999999999999000000000000000 0 1000000000000000
Z 999999999999999 999999999999999000000000000000 0 1000000000000000 1000 1000
M 1000000000000001 18446744073709551615 err Overflow|Slippage 999999999999999 999999999999999000000000000000 0 1000000000000000
Z 999999999999999 999999999999999000000000000000 0 1000000000000000 1000 1000
R 1000000000000001 0 err ExceedsSupply 999999999999999 999999999999999000000000000000 0 1000000000000000
Z 999999999999999 999999999999999000000000000000 0 1000000000000000 1000 1000
M 18446744073709551614 18446744073709551615 err Overflow|Slippage 999999999999999 999999999999999000000000000000 0 1000000000000000
Z 999999999999999 999999999999999000000000000000 0 1000000000000000 1000 1000
R 18446744073709551614 0 err ExceedsSupply 999999999999999 999999999999999000000000000000 0 1000000000000000
Z 999999999999999 999999999999999000000000000000 0 1000000000000000 1000 1000
M 18446744073709551615 18446744073709551615 err Overflow|Slippage 999999999999999 999999999999999000000000000000 0 1000000000000000
Z 999999999999999 999999999999999000000000000000 0 1000000000000000 1000 1000
R 18446744073709551615 0 err ExceedsSupply 999999999999999 999999999999999000000000000000 0 1000000000000000
Z 999999999999999 999999999999999000000000000000 0 1000000000000000 1000 1000
D 0 err ZeroAmount 999999999999999 999999999999999000000000000000 0 1000000000000000
Z 999999999999999 999999999999999000000000000000 0 1000000000000000 1000 1000
D 1 ok 999999999999999 999999999999999000000000000000 1000000000 1000000000000000
Z 999999999999999 999999999999999000000000000000 0 1000000000000000 1000 1000
D 2 ok 999999999999999 999999999999999000000000000000 2000000000 1000000000000000
Z 999999999999999 999999999999999000000000000000 0 1000000000000000 1000 1000
D 18446744073709551614 ok 1018446744073708 1018446744073708000000000000000 551614000000000 1000000000000000
Z 999999999999999 999999999999999000000000000000 0 1000000000000000 1000 1000
D 18446744073709551615 ok 1018446744073708 1018446744073708000000000000000 551615000000000 1000000000000000
Z 999999999999999 999999999999999000000000000000 0 1000000000000000 1000 1000
M 1 1103999 err Slippage 999999999999999 999999999999999000000000000000 0 1000000000000000
Z 999999999999999 999999999999999000000000000000 0 1000000000000000 1000 1000
M 1 1104000 ok 1104000 2000 2000 999999999999999 999999999999999999999999999999 100000000000001 1000000000000001
Z 999999999999999 999999999999999000000000000000 0 1000000000000000 1000 1000
M 1 1104001 ok 1104000 2000 2000 999999999999999 999999999999999999999999999999 100000000000001 1000000000000001
Z 999999999999999 999999999999999000000000000000 0 1000000000000000 1000 1000
R 1 896399 ok 896400 1800 1799 999999999999999 999999999999998000000000000001 100000999999999 999999999999999
Z 999999999999999 999999999999999000000000000000 0 1000000000000000 1000 1000
R 1 896400 ok 896400 1800 1799 999999999999999 999999999999998000000000000001 100000999999999 999999999999999
Z 999999999999999 999999999999999000000000000000 0 1000000000000000 1000 1000
R 1 896401 err Slippage 999999999999999 999999999999999000000000000000 0 1000000000000000
Z 999999999999999 999999999999999000000000000000 0 1000000000000000 1000 1000
M 7 7727999 err Slippage 999999999999999 999999999999999000000000000000 0 1000000000000000
Z 999999999999999 999999999999999000000000000000 0 1000000000000000 1000 1000
M 7 7728000 ok 7728000 14000 14000 999999999999999 1000000000000005999999999999993 700000000000007 1000000000000007
Z 999999999999999 999999999999999000000000000000 0 1000000000000000 1000 1000
M 7 7728001 ok 7728000 14000 14000 999999999999999 1000000000000005999999999999993 700000000000007 1000000000000007
Z 999999999999999 999999999999999000000000000000 0 1000000000000000 1000 1000
R 7 6274799 ok 6274800 12600 12599 999999999999999 999999999999992000000000000007 700000999999993 999999999999993
Z 999999999999999 999999999999999000000000000000 0 1000000000000000 1000 1000
R 7 6274800 ok 6274800 12600 12599 999999999999999 999999999999992000000000000007 700000999999993 999999999999993
Z 999999999999999 999999999999999000000000000000 0 1000000000000000 1000 1000
R 7 6274801 err Slippage 999999999999999 999999999999999000000000000000 0 1000000000000000
Z 999999999999999 999999999999999000000000000000 0 1000000000000000 200 100
M 0 18446744073709551615 err ZeroAmount 999999999999999 999999999999999000000000000000 0 1000000000000000
Z 999999999999999 999999999999999000000000000000 0 1000000000000000 200 100
R 0 0 err ZeroAmount 999999999999999 999999999999999000000000000000 0 1000000000000000
Z 999999999999999 999999999999999000000000000000 0 1000000000000000 200 100
M 1 18446744073709551615 ok 1014000 2000 2000 999999999999999 999999999999999999999999999999 10000000000001 1000000000000001
Z 999999999999999 999999999999999000000000000000 0 1000000000000000 200 100
R 1 0 ok 976080 1960 1959 999999999999999 999999999999998000000000000001 20000999999999 999999999999999
Z 999999999999999 999999999999999000000000000000 0 1000000000000000 200 100
M 2 18446744073709551615 ok 2028000 4000 4000 999999999999999 1000000000000000999999999999998 20000000000002 1000000000000002
Z 999999999999999 999999999999999000000000000000 0 1000000000000000 200 100
R 2 0 ok 1952160 3920 3919 999999999999999 999999999999997000000000000002 40000999999998 999999999999998
Z 999999999999999 999999999999999000000000000000 0 1000000000000000 200 100
M 999999999999999 18446744073709551615 err Overflow|Slippage 999999999999999 999999999999999000000000000000 0 1000000000000000
Z 999999999999999 999999999999999000000000000000 0 1000000000000000 200 100
R 999999999999999 0 err Overflow 999999999999999 999999999999999000000000000000 0 1000000000000000
Z 999999999999999 999999999999999000000000000000 0 1000000000000000 200 100
M 1000000000000000 18446744073709551615 err Overflow|Slippage 999999999999999 999999999999999000000000000000 0 1000000000000000
Z 999999999999999 999999999999999000000000000000 0 1000000000000000 200 100
R 1000000000000000 0 err Overflow 999999999999999 999999999999999000000000000000 0 1000000000000000
Z 999999999999999 999999999999999000000000000000 0 1000000000000000 200 100
M 1000000000000001 18446744073709551615 err Overflow|Slippage 999999999999999 999999999999999000000000000000 0 1000000000000000
Z 999999999999999 999999999999999000000000000000 0 1000000000000000 200 100
R 1000000000000001 0 err ExceedsSupply 999999999999999 999999999999999000000000000000 0 1000000000000000
Z 999999999999999 999999999999999000000000000000 0 1000000000000000 200 100
M 18446744073709551614 18446744073709551615 err Overflow|Slippage 999999999999999 999999999999999000000000000000 0 1000000000000000
Z 999999999999999 999999999999999000000000000000 0 1000000000000000 200 100
R 18446744073709551614 0 err ExceedsSupply 999999999999999 999999999999999000000000000000 0 1000000000000000
Z 999999999999999 999999999999999000000000000000 0 1000000000000000 200 100
M 18446744073709551615 18446744073709551615 err Overflow|Slippage 999999999999999 999999999999999000000000000000 0 1000000000000000
Z 999999999999999 999999999999999000000000000000 0 1000000000000000 200 100
R 18446744073709551615 0 err ExceedsSupply 999999999999999 999999999999999000000000000000 0 1000000000000000
Z 999999999999999 999999999999999000000000000000 0 1000000000000000 200 100
D 0 err ZeroAmount 999999999999999 999999999999999000000000000000 0 1000000000000000
Z 999999999999999 999999999999999000000000000000 0 1000000000000000 200 100
D 1 ok 999999999999999 999999999999999000000000000000 1000000000 1000000000000000
Z 999999999999999 999999999999999000000000000000 0 1000000000000000 200 100
D 2 ok 999999999999999 999999999999999000000000000000 2000000000 1000000000000000
Z 999999999999999 999999999999999000000000000000 0 1000000000000000 200 100
D 18446744073709551614 ok 1018446744073708 1018446744073708000000000000000 551614000000000 1000000000000000
Z 999999999999999 999999999999999000000000000000 0 1000000000000000 200 100
D 18446744073709551615 ok 1018446744073708 1018446744073708000000000000000 551615000000000 1000000000000000
Z 999999999999999 999999999999999000000000000000 0 1000000000000000 200 100
M 1 1013999 err Slippage 999999999999999 999999999999999000000000000000 0 1000000000000000
Z 999999999999999 999999999999999000000000000000 0 1000000000000000 200 100
M 1 1014000 ok 1014000 2000 2000 999999999999999 999999999999999999999999999999 10000000000001 1000000000000001
Z 999999999999999 999999999999999000000000000000 0 1000000000000000 200 100
M 1 1014001 ok 1014000 2000 2000 999999999999999 999999999999999999999999999999 10000000000001 1000000000000001
Z 999999999999999 999999999999999000000000000000 0 1000000000000000 200 100
R 1 976079 ok 976080 1960 1959 999999999999999 999999999999998000000000000001 20000999999999 999999999999999
Z 999999999999999 999999999999999000000000000000 0 1000000000000000 200 100
R 1 976080 ok 976080 1960 1959 999999999999999 999999999999998000000000000001 20000999999999 999999999999999
Z 999999999999999 999999999999999000000000000000 0 1000000000000000 200 100
R 1 976081 err Slippage 999999999999999 999999999999999000000000000000 0 1000000000000000
Z 999999999999999 999999999999999000000000000000 0 1000000000000000 200 100
M 7 7097999 err Slippage 999999999999999 999999999999999000000000000000 0 1000000000000000
Z 999999999999999 999999999999999000000000000000 0 1000000000000000 200 100
M 7 7098000 ok 7098000 14000 14000 999999999999999 1000000000000005999999999999993 70000000000007 1000000000000007
Z 999999999999999 999999999999999000000000000000 0 1000000000000000 200 100
M 7 7098001 ok 7098000 14000 14000 999999999999999 1000000000000005999999999999993 70000000000007 1000000000000007
Z 999999999999999 999999999999999000000000000000 0 1000000000000000 200 100
R 7 6832559 ok 6832560 13720 13719 999999999999999 999999999999992000000000000007 140000999999993 999999999999993
Z 999999999999999 999999999999999000000000000000 0 1000000000000000 200 100
R 7 6832560 ok 6832560 13720 13719 999999999999999 999999999999992000000000000007 140000999999993 999999999999993
Z 999999999999999 999999999999999000000000000000 0 1000000000000000 200 100
R 7 6832561 err Slippage 999999999999999 999999999999999000000000000000 0 1000000000000000
Z 999999999999999 18446744073709533167255926290448386 709551614 18446744073709551614 100 0
M 0 18446744073709551615 err ZeroAmount 999999999999999 18446744073709533167255926290448386 709551614 18446744073709551614
Z 999999999999999 18446744073709533167255926290448386 709551614 18446744073709551614 100 0
R 0 0 err ZeroAmount 999999999999999 18446744073709533167255926290448386 709551614 18446744073709551614
Z 999999999999999 18446744073709533167255926290448386 709551614 18446744073709551614 100 0
M 1 18446744073709551615 ok 1004000 2000 2000 999999999999999 18446744073709533168255926290448385 709551615 18446744073709551615
Z 999999999999999 18446744073709533167255926290448386 709551614 18446744073709551614 100 0
R 1 0 ok 986040 1980 1979 999999999999999 18446744073709533166255926290448387 10001709551613 18446744073709551613
Z 999999999999999 18446744073709533167255926290448386 709551614 18446744073709551614 100 0
M 2 18446744073709551615 err Overflow 999999999999999 18446744073709533167255926290448386 709551614 18446744073709551614
Z 999999999999999 18446744073709533167255926290448386 709551614 18446744073709551614 100 0
R 2 0 ok 1972080 3960 3959 999999999999999 18446744073709533165255926290448388 20001709551612 18446744073709551612
Z 999999999999999 18446744073709533167255926290448386 709551614 18446744073709551614 100 0
M 18446744073709551613 18446744073709551615 err Overflow|Slippage 999999999999999 18446744073709533167255926290448386 709551614 18446744073709551614
Z 999999999999999 18446744073709533167255926290448386 709551614 18446744073709551614 100 0
R 18446744073709551613 0 err Overflow 999999999999999 18446744073709533167255926290448386 709551614 18446744073709551614
Z 999999999999999 18446744073709533167255926290448386 709551614 18446744073709551614 100 0
M 18446744073709551614 18446744073709551615 err Overflow|Slippage 999999999999999 18446744073709533167255926290448386 709551614 18446744073709551614
Z 999999999999999 18446744073709533167255926290448386 709551614 18446744073709551614 100 0
R 18446744073709551614 0 err Overflow 999999999999999 18446744073709533167255926290448386 709551614 18446744073709551614
Z 999999999999999 18446744073709533167255926290448386 709551614 18446744073709551614 100 0
M 18446744073709551615 18446744073709551615 err Overflow|Slippage 999999999999999 18446744073709533167255926290448386 709551614 18446744073709551614
Z 999999999999999 18446744073709533167255926290448386 709551614 18446744073709551614 100 0
R 18446744073709551615 0 err ExceedsSupply 999999999999999 18446744073709533167255926290448386 709551614 18446744073709551614
Z 999999999999999 18446744073709533167255926290448386 709551614 18446744073709551614 100 0
D 0 err ZeroAmount 999999999999999 18446744073709533167255926290448386 709551614 18446744073709551614
Z 999999999999999 18446744073709533167255926290448386 709551614 18446744073709551614 100 0
D 1 ok 999999999999999 18446744073709533167255926290448386 1709551614 18446744073709551614
Z 999999999999999 18446744073709533167255926290448386 709551614 18446744073709551614 100 0
D 2 ok 999999999999999 18446744073709533167255926290448386 2709551614 18446744073709551614
Z 999999999999999 18446744073709533167255926290448386 709551614 18446744073709551614 100 0
D 18446744073709551614 ok 1000000999999999 18446762520453606876807540290448386 709551614 18446744073709551614
Z 999999999999999 18446744073709533167255926290448386 709551614 18446744073709551614 100 0
D 18446744073709551615 ok 1000000999999999 18446762520453606876807540290448386 1709551614 18446744073709551614
Z 999999999999999 18446744073709533167255926290448386 709551614 18446744073709551614 100 0
M 1 1003999 err Slippage 999999999999999 18446744073709533167255926290448386 709551614 18446744073709551614
Z 999999999999999 18446744073709533167255926290448386 709551614 18446744073709551614 100 0
M 1 1004000 ok 1004000 2000 2000 999999999999999 18446744073709533168255926290448385 709551615 18446744073709551615
Z 999999999999999 18446744073709533167255926290448386 709551614 18446744073709551614 100 0
M 1 1004001 ok 1004000 2000 2000 999999999999999 18446744073709533168255926290448385 709551615 18446744073709551615
Z 999999999999999 18446744073709533167255926290448386 709551614 18446744073709551614 100 0
R 1 986039 ok 986040 1980 1979 999999999999999 18446744073709533166255926290448387 10001709551613 18446744073709551613
Z 999999999999999 18446744073709533167255926290448386 709551614 18446744073709551614 100 0
R 1 986040 ok 986040 1980 1979 999999999999999 18446744073709533166255926290448387 10001709551613 18446744073709551613
Z 999999999999999 18446744073709533167255926290448386 709551614 18446744073709551614 100 0
R 1 986041 err Slippage 999999999999999 18446744073709533167255926290448386 709551614 18446744073709551614
Z 999999999999999 18446744073709533167255926290448386 709551614 18446744073709551614 100 0
M 7 7027999 err Overflow|Slippage 999999999999999 18446744073709533167255926290448386 709551614 18446744073709551614
Z 999999999999999 18446744073709533167255926290448386 709551614 18446744073709551614 100 0
M 7 7028000 err Overflow 999999999999999 18446744073709533167255926290448386 709551614 18446744073709551614
Z 999999999999999 18446744073709533167255926290448386 709551614 18446744073709551614 100 0
M 7 7028001 err Overflow 999999999999999 18446744073709533167255926290448386 709551614 18446744073709551614
Z 999999999999999 18446744073709533167255926290448386 709551614 18446744073709551614 100 0
R 7 6902279 ok 6902280 13860 13859 999999999999999 18446744073709533160255926290448393 70001709551607 18446744073709551607
Z 999999999999999 18446744073709533167255926290448386 709551614 18446744073709551614 100 0
R 7 6902280 ok 6902280 13860 13859 999999999999999 18446744073709533160255926290448393 70001709551607 18446744073709551607
Z 999999999999999 18446744073709533167255926290448386 709551614 18446744073709551614 100 0
R 7 6902281 err Slippage 999999999999999 18446744073709533167255926290448386 709551614 18446744073709551614
Z 999999999999999 18446744073709533167255926290448386 709551614 18446744073709551614 1000 1000
M 0 18446744073709551615 err ZeroAmount 999999999999999 18446744073709533167255926290448386 709551614 18446744073709551614
Z 999999999999999 18446744073709533167255926290448386 709551614 18446744073709551614 1000 1000
R 0 0 err ZeroAmount 999999999999999 18446744073709533167255926290448386 709551614 18446744073709551614
Z 999999999999999 18446744073709533167255926290448386 709551614 18446744073709551614 1000 1000
M 1 18446744073709551615 ok 1104000 2000 2000 999999999999999 18446744073709533168255926290448385 100000709551615 18446744073709551615
Z 999999999999999 18446744073709533167255926290448386 709551614 18446744073709551614 1000 1000
R 1 0 ok 896400 1800 1799 999999999999999 18446744073709533166255926290448387 100001709551613 18446744073709551613
Z 999999999999999 18446744073709533167255926290448386 709551614 18446744073709551614 1000 1000
M 2 18446744073709551615 err Overflow 999999999999999 18446744073709533167255926290448386 709551614 18446744073709551614
Z 999999999999999 18446744073709533167255926290448386 709551614 18446744073709551614 1000 1000
R 2 0 ok 1792800 3600 3599 999999999999999 18446744073709533165255926290448388 200001709551612 18446744073709551612
Z 999999999999999 18446744073709533167255926290448386 709551614 18446744073709551614 1000 1000
M 18446744073709551613 18446744073709551615 err Overflow|Slippage 999999999999999 18446744073709533167255926290448386 709551614 18446744073709551614
Z 999999999999999 18446744073709533167255926290448386 709551614 18446744073709551614 1000 1000
R 18446744073709551613 0 err Overflow 999999999999999 18446744073709533167255926290448386 709551614 18446744073709551614
Z 999999999999999 18446744073709533167255926290448386 709551614 18446744073709551614 1000 1000
M 18446744073709551614 18446744073709551615 err Overflow|Slippage 999999999999999 18446744073709533167255926290448386 709551614 18446744073709551614
Z 999999999999999 18446744073709533167255926290448386 709551614 18446744073709551614 1000 1000
R 18446744073709551614 0 err Overflow 999999999999999 18446744073709533167255926290448386 709551614 18446744073709551614
Z 999999999999999 18446744073709533167255926290448386 709551614 18446744073709551614 1000 1000
M 18446744073709551615 18446744073709551615 err Overflow|Slippage 999999999999999 18446744073709533167255926290448386 709551614 18446744073709551614
Z 999999999999999 18446744073709533167255926290448386 709551614 18446744073709551614 1000 1000
R 18446744073709551615 0 err ExceedsSupply 999999999999999 18446744073709533167255926290448386 709551614 18446744073709551614
Z 999999999999999 18446744073709533167255926290448386 709551614 18446744073709551614 1000 1000
D 0 err ZeroAmount 999999999999999 18446744073709533167255926290448386 709551614 18446744073709551614
Z 999999999999999 18446744073709533167255926290448386 709551614 18446744073709551614 1000 1000
D 1 ok 999999999999999 18446744073709533167255926290448386 1709551614 18446744073709551614
Z 999999999999999 18446744073709533167255926290448386 709551614 18446744073709551614 1000 1000
D 2 ok 999999999999999 18446744073709533167255926290448386 2709551614 18446744073709551614
Z 999999999999999 18446744073709533167255926290448386 709551614 18446744073709551614 1000 1000
D 18446744073709551614 ok 1000000999999999 18446762520453606876807540290448386 709551614 18446744073709551614
Z 999999999999999 18446744073709533167255926290448386 709551614 18446744073709551614 1000 1000
D 18446744073709551615 ok 1000000999999999 18446762520453606876807540290448386 1709551614 18446744073709551614
Z 999999999999999 18446744073709533167255926290448386 709551614 18446744073709551614 1000 1000
M 1 1103999 err Slippage 999999999999999 18446744073709533167255926290448386 709551614 18446744073709551614
Z 999999999999999 18446744073709533167255926290448386 709551614 18446744073709551614 1000 1000
M 1 1104000 ok 1104000 2000 2000 999999999999999 18446744073709533168255926290448385 100000709551615 18446744073709551615
Z 999999999999999 18446744073709533167255926290448386 709551614 18446744073709551614 1000 1000
M 1 1104001 ok 1104000 2000 2000 999999999999999 18446744073709533168255926290448385 100000709551615 18446744073709551615
Z 999999999999999 18446744073709533167255926290448386 709551614 18446744073709551614 1000 1000
R 1 896399 ok 896400 1800 1799 999999999999999 18446744073709533166255926290448387 100001709551613 18446744073709551613
Z 999999999999999 18446744073709533167255926290448386 709551614 18446744073709551614 1000 1000
R 1 896400 ok 896400 1800 1799 999999999999999 18446744073709533166255926290448387 100001709551613 18446744073709551613
Z 999999999999999 18446744073709533167255926290448386 709551614 18446744073709551614 1000 1000
R 1 896401 err Slippage 999999999999999 18446744073709533167255926290448386 709551614 18446744073709551614
Z 999999999999999 18446744073709533167255926290448386 709551614 18446744073709551614 1000 1000
M 7 7727999 err Overflow|Slippage 999999999999999 18446744073709533167255926290448386 709551614 18446744073709551614
Z 999999999999999 18446744073709533167255926290448386 709551614 18446744073709551614 1000 1000
M 7 7728000 err Overflow 999999999999999 18446744073709533167255926290448386 709551614 18446744073709551614
Z 999999999999999 18446744073709533167255926290448386 709551614 18446744073709551614 1000 1000
M 7 7728001 err Overflow 999999999999999 18446744073709533167255926290448386 709551614 18446744073709551614
Z 999999999999999 18446744073709533167255926290448386 709551614 18446744073709551614 1000 1000
R 7 6274799 ok 6274800 12600 12599 999999999999999 18446744073709533160255926290448393 700001709551607 18446744073709551607
Z 999999999999999 18446744073709533167255926290448386 709551614 18446744073709551614 1000 1000
R 7 6274800 ok 6274800 12600 12599 999999999999999 18446744073709533160255926290448393 700001709551607 18446744073709551607
Z 999999999999999 18446744073709533167255926290448386 709551614 18446744073709551614 1000 1000
R 7 6274801 err Slippage 999999999999999 18446744073709533167255926290448386 709551614 18446744073709551614
Z 999999999999999 18446744073709533167255926290448386 709551614 18446744073709551614 200 100
M 0 18446744073709551615 err ZeroAmount 999999999999999 18446744073709533167255926290448386 709551614 18446744073709551614
Z 999999999999999 18446744073709533167255926290448386 709551614 18446744073709551614 200 100
R 0 0 err ZeroAmount 999999999999999 18446744073709533167255926290448386 709551614 18446744073709551614
Z 999999999999999 18446744073709533167255926290448386 709551614 18446744073709551614 200 100
M 1 18446744073709551615 ok 1014000 2000 2000 999999999999999 18446744073709533168255926290448385 10000709551615 18446744073709551615
Z 999999999999999 18446744073709533167255926290448386 709551614 18446744073709551614 200 100
R 1 0 ok 976080 1960 1959 999999999999999 18446744073709533166255926290448387 20001709551613 18446744073709551613
Z 999999999999999 18446744073709533167255926290448386 709551614 18446744073709551614 200 100
M 2 18446744073709551615 err Overflow 999999999999999 18446744073709533167255926290448386 709551614 18446744073709551614
Z 999999999999999 18446744073709533167255926290448386 709551614 18446744073709551614 200 100
R 2 0 ok 1952160 3920 3919 999999999999999 18446744073709533165255926290448388 40001709551612 18446744073709551612
Z 999999999999999 18446744073709533167255926290448386 709551614 18446744073709551614 200 100
M 18446744073709551613 18446744073709551615 err Overflow|Slippage 999999999999999 18446744073709533167255926290448386 709551614 18446744073709551614
Z 999999999999999 18446744073709533167255926290448386 709551614 18446744073709551614 200 100
R 18446744073709551613 0 err Overflow 999999999999999 18446744073709533167255926290448386 709551614 18446744073709551614
Z 999999999999999 18446744073709533167255926290448386 709551614 18446744073709551614 200 100
M 18446744073709551614 18446744073709551615 err Overflow|Slippage 999999999999999 18446744073709533167255926290448386 709551614 18446744073709551614
Z 999999999999999 18446744073709533167255926290448386 709551614 18446744073709551614 200 100
R 18446744073709551614 0 err Overflow 999999999999999 18446744073709533167255926290448386 709551614 18446744073709551614
Z 999999999999999 18446744073709533167255926290448386 709551614 18446744073709551614 200 100
M 18446744073709551615 18446744073709551615 err Overflow|Slippage 999999999999999 18446744073709533167255926290448386 709551614 18446744073709551614
Z 999999999999999 18446744073709533167255926290448386 709551614 18446744073709551614 200 100
R 18446744073709551615 0 err ExceedsSupply 999999999999999 18446744073709533167255926290448386 709551614 18446744073709551614
Z 999999999999999 18446744073709533167255926290448386 709551614 18446744073709551614 200 100
D 0 err ZeroAmount 999999999999999 18446744073709533167255926290448386 709551614 18446744073709551614
Z 999999999999999 18446744073709533167255926290448386 709551614 18446744073709551614 200 100
D 1 ok 999999999999999 18446744073709533167255926290448386 1709551614 18446744073709551614
Z 999999999999999 18446744073709533167255926290448386 709551614 18446744073709551614 200 100
D 2 ok 999999999999999 18446744073709533167255926290448386 2709551614 18446744073709551614
Z 999999999999999 18446744073709533167255926290448386 709551614 18446744073709551614 200 100
D 18446744073709551614 ok 1000000999999999 18446762520453606876807540290448386 709551614 18446744073709551614
Z 999999999999999 18446744073709533167255926290448386 709551614 18446744073709551614 200 100
D 18446744073709551615 ok 1000000999999999 18446762520453606876807540290448386 1709551614 18446744073709551614
Z 999999999999999 18446744073709533167255926290448386 709551614 18446744073709551614 200 100
M 1 1013999 err Slippage 999999999999999 18446744073709533167255926290448386 709551614 18446744073709551614
Z 999999999999999 18446744073709533167255926290448386 709551614 18446744073709551614 200 100
M 1 1014000 ok 1014000 2000 2000 999999999999999 18446744073709533168255926290448385 10000709551615 18446744073709551615
Z 999999999999999 18446744073709533167255926290448386 709551614 18446744073709551614 200 100
M 1 1014001 ok 1014000 2000 2000 999999999999999 18446744073709533168255926290448385 10000709551615 18446744073709551615
Z 999999999999999 18446744073709533167255926290448386 709551614 18446744073709551614 200 100
R 1 976079 ok 976080 1960 1959 999999999999999 18446744073709533166255926290448387 20001709551613 18446744073709551613
Z 999999999999999 18446744073709533167255926290448386 709551614 18446744073709551614 200 100
R 1 976080 ok 976080 1960 1959 999999999999999 18446744073709533166255926290448387 20001709551613 18446744073709551613
Z 999999999999999 18446744073709533167255926290448386 709551614 18446744073709551614 200 100
R 1 976081 err Slippage 999999999999999 18446744073709533167255926290448386 709551614 18446744073709551614
Z 999999999999999 18446744073709533167255926290448386 709551614 18446744073709551614 200 100
M 7 7097999 err Overflow|Slippage 999999999999999 18446744073709533167255926290448386 709551614 18446744073709551614
Z 999999999999999 18446744073709533167255926290448386 709551614 18446744073709551614 200 100
M 7 7098000 err Overflow 999999999999999 18446744073709533167255926290448386 709551614 18446744073709551614
Z 999999999999999 18446744073709533167255926290448386 709551614 18446744073709551614 200 100
M 7 7098001 err Overflow 999999999999999 18446744073709533167255926290448386 709551614 18446744073709551614
Z 999999999999999 18446744073709533167255926290448386 709551614 18446744073709551614 200 100
R 7 6832559 ok 6832560 13720 13719 999999999999999 18446744073709533160255926290448393 140001709551607 18446744073709551607
Z 999999999999999 18446744073709533167255926290448386 709551614 18446744073709551614 200 100
R 7 6832560 ok 6832560 13720 13719 999999999999999 18446744073709533160255926290448393 140001709551607 18446744073709551607
Z 999999999999999 18446744073709533167255926290448386 709551614 18446744073709551614 200 100
R 7 6832561 err Slippage 999999999999999 18446744073709533167255926290448386 709551614 18446744073709551614
Z 1000000000000000 0 0 0 100 0
M 0 18446744073709551615 err ZeroAmount 1000000000000000 0 0 0
Z 1000000000000000 0 0 0 100 0
R 0 0 err ZeroAmount 1000000000000000 0 0 0
Z 1000000000000000 0 0 0 100 0
M 1 18446744073709551615 ok 1004000 2000 2000 1000000000000000 1000000000000000 0 1
Z 1000000000000000 0 0 0 100 0
R 1 0 err ExceedsSupply 1000000000000000 0 0 0
Z 1000000000000000 0 0 0 100 0
M 2 18446744073709551615 ok 2008000 4000 4000 1000000000000000 2000000000000000 0 2
Z 1000000000000000 0 0 0 100 0
R 2 0 err ExceedsSupply 1000000000000000 0 0 0
Z 1000000000000000 0 0 0 100 0
M 18446744073709551614 18446744073709551615 err Overflow|Slippage 1000000000000000 0 0 0
Z 1000000000000000 0 0 0 100 0
R 18446744073709551614 0 err ExceedsSupply 1000000000000000 0 0 0
Z 1000000000000000 0 0 0 100 0
M 18446744073709551615 18446744073709551615 err Overflow|Slippage 1000000000000000 0 0 0
Z 1000000000000000 0 0 0 100 0
R 18446744073709551615 0 err ExceedsSupply 1000000000000000 0 0 0
Z 1000000000000000 0 0 0 100 0
D 0 err ZeroAmount 1000000000000000 0 0 0
Z 1000000000000000 0 0 0 100 0
D 1 err NoHolders 1000000000000000 0 0 0
Z 1000000000000000 0 0 0 100 0
D 2 err NoHolders 1000000000000000 0 0 0
Z 1000000000000000 0 0 0 100 0
D 18446744073709551614 err NoHolders 1000000000000000 0 0 0
Z 1000000000000000 0 0 0 100 0
D 18446744073709551615 err NoHolders 1000000000000000 0 0 0
Z 1000000000000000 0 0 0 100 0
M 1 1003999 err Slippage 1000000000000000 0 0 0
Z 1000000000000000 0 0 0 100 0
M 1 1004000 ok 1004000 2000 2000 1000000000000000 1000000000000000 0 1
Z 1000000000000000 0 0 0 100 0
M 1 1004001 ok 1004000 2000 2000 1000000000000000 1000000000000000 0 1
Z 1000000000000000 0 0 0 100 0
M 7 7027999 err Slippage 1000000000000000 0 0 0
Z 1000000000000000 0 0 0 100 0
M 7 7028000 ok 7028000 14000 14000 1000000000000000 7000000000000000 0 7
Z 1000000000000000 0 0 0 100 0
M 7 7028001 ok 7028000 14000 14000 1000000000000000 7000000000000000 0 7
Z 1000000000000000 0 0 0 1000 1000
M 0 18446744073709551615 err ZeroAmount 1000000000000000 0 0 0
Z 1000000000000000 0 0 0 1000 1000
R 0 0 err ZeroAmount 1000000000000000 0 0 0
Z 1000000000000000 0 0 0 1000 1000
M 1 18446744073709551615 ok 1004000 2000 2000 1000000000000000 1000000000000000 0 1
Z 1000000000000000 0 0 0 1000 1000
R 1 0 err ExceedsSupply 1000000000000000 0 0 0
Z 1000000000000000 0 0 0 1000 1000
M 2 18446744073709551615 ok 2008000 4000 4000 1000000000000000 2000000000000000 0 2
Z 1000000000000000 0 0 0 1000 1000
R 2 0 err ExceedsSupply 1000000000000000 0 0 0
Z 1000000000000000 0 0 0 1000 1000
M 18446744073709551614 18446744073709551615 err Overflow|Slippage 1000000000000000 0 0 0
Z 1000000000000000 0 0 0 1000 1000
R 18446744073709551614 0 err ExceedsSupply 1000000000000000 0 0 0
Z 1000000000000000 0 0 0 1000 1000
M 18446744073709551615 18446744073709551615 err Overflow|Slippage 1000000000000000 0 0 0
Z 1000000000000000 0 0 0 1000 1000
R 18446744073709551615 0 err ExceedsSupply 1000000000000000 0 0 0
Z 1000000000000000 0 0 0 1000 1000
D 0 err ZeroAmount 1000000000000000 0 0 0
Z 1000000000000000 0 0 0 1000 1000
D 1 err NoHolders 1000000000000000 0 0 0
Z 1000000000000000 0 0 0 1000 1000
D 2 err NoHolders 1000000000000000 0 0 0
Z 1000000000000000 0 0 0 1000 1000
D 18446744073709551614 err NoHolders 1000000000000000 0 0 0
Z 1000000000000000 0 0 0 1000 1000
D 18446744073709551615 err NoHolders 1000000000000000 0 0 0
Z 1000000000000000 0 0 0 1000 1000
M 1 1003999 err Slippage 1000000000000000 0 0 0
Z 1000000000000000 0 0 0 1000 1000
M 1 1004000 ok 1004000 2000 2000 1000000000000000 1000000000000000 0 1
Z 1000000000000000 0 0 0 1000 1000
M 1 1004001 ok 1004000 2000 2000 1000000000000000 1000000000000000 0 1
Z 1000000000000000 0 0 0 1000 1000
M 7 7027999 err Slippage 1000000000000000 0 0 0
Z 1000000000000000 0 0 0 1000 1000
M 7 7028000 ok 7028000 14000 14000 1000000000000000 7000000000000000 0 7
Z 1000000000000000 0 0 0 1000 1000
M 7 7028001 ok 7028000 14000 14000 1000000000000000 7000000000000000 0 7
Z 1000000000000000 0 0 0 200 100
M 0 18446744073709551615 err ZeroAmount 1000000000000000 0 0 0
Z 1000000000000000 0 0 0 200 100
R 0 0 err ZeroAmount 1000000000000000 0 0 0
Z 1000000000000000 0 0 0 200 100
M 1 18446744073709551615 ok 1004000 2000 2000 1000000000000000 1000000000000000 0 1
Z 1000000000000000 0 0 0 200 100
R 1 0 err ExceedsSupply 1000000000000000 0 0 0
Z 1000000000000000 0 0 0 200 100
M 2 18446744073709551615 ok 2008000 4000 4000 1000000000000000 2000000000000000 0 2
Z 1000000000000000 0 0 0 200 100
R 2 0 err ExceedsSupply 1000000000000000 0 0 0
Z 1000000000000000 0 0 0 200 100
M 18446744073709551614 18446744073709551615 err Overflow|Slippage 1000000000000000 0 0 0
Z 1000000000000000 0 0 0 200 100
R 18446744073709551614 0 err ExceedsSupply 1000000000000000 0 0 0
Z 1000000000000000 0 0 0 200 100
M 18446744073709551615 18446744073709551615 err Overflow|Slippage 1000000000000000 0 0 0
Z 1000000000000000 0 0 0 200 100
R 18446744073709551615 0 err ExceedsSupply 1000000000000000 0 0 0
Z 1000000000000000 0 0 0 200 100
D 0 err ZeroAmount 1000000000000000 0 0 0
Z 1000000000000000 0 0 0 200 100
D 1 err NoHolders 1000000000000000 0 0 0
Z 1000000000000000 0 0 0 200 100
D 2 err NoHolders 1000000000000000 0 0 0
Z 1000000000000000 0 0 0 200 100
D 18446744073709551614 err NoHolders 1000000000000000 0 0 0
Z 1000000000000000 0 0 0 200 100
D 18446744073709551615 err NoHolders 1000000000000000 0 0 0
Z 1000000000000000 0 0 0 200 100
M 1 1003999 err Slippage 1000000000000000 0 0 0
Z 1000000000000000 0 0 0 200 100
M 1 1004000 ok 1004000 2000 2000 1000000000000000 1000000000000000 0 1
Z 1000000000000000 0 0 0 200 100
M 1 1004001 ok 1004000 2000 2000 1000000000000000 1000000000000000 0 1
Z 1000000000000000 0 0 0 200 100
M 7 7027999 err Slippage 1000000000000000 0 0 0
Z 1000000000000000 0 0 0 200 100
M 7 7028000 ok 7028000 14000 14000 1000000000000000 7000000000000000 0 7
Z 1000000000000000 0 0 0 200 100
M 7 7028001 ok 7028000 14000 14000 1000000000000000 7000000000000000 0 7
Z 1000000000000000 1000000000000000 0 1 100 0
M 0 18446744073709551615 err ZeroAmount 1000000000000000 1000000000000000 0 1
Z 1000000000000000 1000000000000000 0 1 100 0
R 0 0 err ZeroAmount 1000000000000000 1000000000000000 0 1
Z 1000000000000000 1000000000000000 0 1 100 0
M 1 18446744073709551615 ok 1004000 2000 2000 1000000000000000 2000000000000000 0 2
Z 1000000000000000 1000000000000000 0 1 100 0
R 1 0 ok 986040 1980 1980 1000000000000000 0 0 0
Z 1000000000000000 1000000000000000 0 1 100 0
M 2 18446744073709551615 ok 2008000 4000 4000 1000000000000000 3000000000000000 0 3
Z 1000000000000000 1000000000000000 0 1 100 0
R 2 0 err ExceedsSupply 1000000000000000 1000000000000000 0 1
Z 1000000000000000 1000000000000000 0 1 100 0
M 18446744073709551614 18446744073709551615 err Overflow|Slippage 1000000000000000 1000000000000000 0 1
Z 1000000000000000 1000000000000000 0 1 100 0
R 18446744073709551614 0 err ExceedsSupply 1000000000000000 1000000000000000 0 1
Z 1000000000000000 1000000000000000 0 1 100 0
M 18446744073709551615 18446744073709551615 err Overflow|Slippage 1000000000000000 1000000000000000 0 1
Z 1000000000000000 1000000000000000 0 1 100 0
R 18446744073709551615 0 err ExceedsSupply 1000000000000000 1000000000000000 0 1
Z 1000000000000000 1000000000000000 0 1 100 0
D 0 err ZeroAmount 1000000000000000 1000000000000000 0 1
Z 1000000000000000 1000000000000000 0 1 100 0
D 1 ok 1000001000000000 1000001000000000 0 1
Z 1000000000000000 1000000000000000 0 1 100 0
D 2 ok 1000002000000000 1000002000000000 0 1
Z 1000000000000000 1000000000000000 0 1 100 0
D 18446744073709551614 ok 18446744073710551614000000000 18446744073710551614000000000 0 1
Z 1000000000000000 1000000000000000 0 1 100 0
D 18446744073709551615 ok 18446744073710551615000000000 18446744073710551615000000000 0 1
Z 1000000000000000 1000000000000000 0 1 100 0
M 1 1003999 err Slippage 1000000000000000 1000000000000000 0 1
Z 1000000000000000 1000000000000000 0 1 100 0
M 1 1004000 ok 1004000 2000 2000 1000000000000000 2000000000000000 0 2
Z 1000000000000000 1000000000000000 0 1 100 0
M 1 1004001 ok 1004000 2000 2000 1000000000000000 2000000000000000 0 2
Z 1000000000000000 1000000000000000 0 1 100 0
R 1 986039 ok 986040 1980 1980 1000000000000000 0 0 0
Z 1000000000000000 1000000000000000 0 1 100 0
R 1 986040 ok 986040 1980 1980 1000000000000000 0 0 0
Z 1000000000000000 1000000000000000 0 1 100 0
R 1 986041 err Slippage 1000000000000000 1000000000000000 0 1
Z 1000000000000000 1000000000000000 0 1 100 0
M 7 7027999 err Slippage 1000000000000000 1000000000000000 0 1
Z 1000000000000000 1000000000000000 0 1 100 0
M 7 7028000 ok 7028000 14000 14000 1000000000000000 8000000000000000 0 8
Z 1000000000000000 1000000000000000 0 1 100 0
M 7 7028001 ok 7028000 14000 14000 1000000000000000 8000000000000000 0 8
Z 1000000000000000 1000000000000000 0 1 1000 1000
M 0 18446744073709551615 err ZeroAmount 1000000000000000 1000000000000000 0 1
Z 1000000000000000 1000000000000000 0 1 1000 1000
R 0 0 err ZeroAmount 1000000000000000 1000000000000000 0 1
Z 1000000000000000 1000000000000000 0 1 1000 1000
M 1 18446744073709551615 ok 1204400 2200 2200 1100000000000000 2200000000000000 0 2
Z 1000000000000000 1000000000000000 0 1 1000 1000
R 1 0 ok 896400 1800 1800 1000000000000000 0 0 0
Z 1000000000000000 1000000000000000 0 1 1000 1000
M 2 18446744073709551615 ok 2609600 4800 4800 1200000000000000 3600000000000000 0 3
Z 1000000000000000 1000000000000000 0 1 1000 1000
R 2 0 err ExceedsSupply 1000000000000000 1000000000000000 0 1
Z 1000000000000000 1000000000000000 0 1 1000 1000
M 18446744073709551614 18446744073709551615 err Overflow|Slippage 1000000000000000 1000000000000000 0 1
Z 1000000000000000 1000000000000000 0 1 1000 1000
R 18446744073709551614 0 err ExceedsSupply 1000000000000000 1000000000000000 0 1
Z 1000000000000000 1000000000000000 0 1 1000 1000
M 18446744073709551615 18446744073709551615 err Overflow|Slippage 1000000000000000 1000000000000000 0 1
Z 1000000000000000 1000000000000000 0 1 1000 1000
R 18446744073709551615 0 err ExceedsSupply 1000000000000000 1000000000000000 0 1
Z 1000000000000000 1000000000000000 0 1 1000 1000
D 0 err ZeroAmount 1000000000000000 1000000000000000 0 1
Z 1000000000000000 1000000000000000 0 1 1000 1000
D 1 ok 1000001000000000 1000001000000000 0 1
Z 1000000000000000 1000000000000000 0 1 1000 1000
D 2 ok 1000002000000000 1000002000000000 0 1
Z 1000000000000000 1000000000000000 0 1 1000 1000
D 18446744073709551614 ok 18446744073710551614000000000 18446744073710551614000000000 0 1
Z 1000000000000000 1000000000000000 0 1 1000 1000
D 18446744073709551615 ok 18446744073710551615000000000 18446744073710551615000000000 0 1
Z 1000000000000000 1000000000000000 0 1 1000 1000
M 1 1204399 err Slippage 1000000000000000 1000000000000000 0 1
Z 1000000000000000 1000000000000000 0 1 1000 1000
M 1 1204400 ok 1204400 2200 2200 1100000000000000 2200000000000000 0 2
Z 1000000000000000 1000000000000000 0 1 1000 1000
M 1 1204401 ok 1204400 2200 2200 1100000000000000 2200000000000000 0 2
Z 1000000000000000 1000000000000000 0 1 1000 1000
R 1 896399 ok 896400 1800 1800 1000000000000000 0 0 0
Z 1000000000000000 1000000000000000 0 1 1000 1000
R 1 896400 ok 896400 1800 1800 1000000000000000 0 0 0
Z 1000000000000000 1000000000000000 0 1 1000 1000
R 1 896401 err Slippage 1000000000000000 1000000000000000 0 1
Z 1000000000000000 1000000000000000 0 1 1000 1000
M 7 12647599 err Slippage 1000000000000000 1000000000000000 0 1
Z 1000000000000000 1000000000000000 0 1 1000 1000
M 7 12647600 ok 12647600 23800 23800 1700000000000000 13600000000000000 0 8
Z 1000000000000000 1000000000000000 0 1 1000 1000
M 7 12647601 ok 12647600 23800 23800 1700000000000000 13600000000000000 0 8
Z 1000000000000000 1000000000000000 0 1 200 100
M 0 18446744073709551615 err ZeroAmount 1000000000000000 1000000000000000 0 1
Z 1000000000000000 1000000000000000 0 1 200 100
R 0 0 err ZeroAmount 1000000000000000 1000000000000000 0 1
Z 1000000000000000 1000000000000000 0 1 200 100
M 1 18446744073709551615 ok 1024040 2020 2020 1010000000000000 2020000000000000 0 2
Z 1000000000000000 1000000000000000 0 1 200 100
R 1 0 ok 976080 1960 1960 1000000000000000 0 0 0
Z 1000000000000000 1000000000000000 0 1 200 100
M 2 18446744073709551615 ok 2068160 4080 4080 1020000000000000 3060000000000000 0 3
Z 1000000000000000 1000000000000000 0 1 200 100
R 2 0 err ExceedsSupply 1000000000000000 1000000000000000 0 1
Z 1000000000000000 1000000000000000 0 1 200 100
M 18446744073709551614 18446744073709551615 err Overflow|Slippage 1000000000000000 1000000000000000 0 1
Z 1000000000000000 1000000000000000 0 1 200 100
R 18446744073709551614 0 err ExceedsSupply 1000000000000000 1000000000000000 0 1
Z 1000000000000000 1000000000000000 0 1 200 100
M 18446744073709551615 18446744073709551615 err Overflow|Slippage 1000000000000000 1000000000000000 0 1
Z 1000000000000000 1000000000000000 0 1 200 100
R 18446744073709551615 0 err ExceedsSupply 1000000000000000 1000000000000000 0 1
Z 1000000000000000 1000000000000000 0 1 200 100
D 0 err ZeroAmount 1000000000000000 1000000000000000 0 1
Z 1000000000000000 1000000000000000 0 1 200 100
D 1 ok 1000001000000000 1000001000000000 0 1
Z 1000000000000000 1000000000000000 0 1 200 100
D 2 ok 1000002000000000 1000002000000000 0 1
Z 1000000000000000 1000000000000000 0 1 200 100
D 18446744073709551614 ok 18446744073710551614000000000 18446744073710551614000000000 0 1
Z 1000000000000000 1000000000000000 0 1 200 100
D 18446744073709551615 ok 18446744073710551615000000000 18446744073710551615000000000 0 1
Z 1000000000000000 1000000000000000 0 1 200 100
M 1 1024039 err Slippage 1000000000000000 1000000000000000 0 1
Z 1000000000000000 1000000000000000 0 1 200 100
M 1 1024040 ok 1024040 2020 2020 1010000000000000 2020000000000000 0 2
Z 1000000000000000 1000000000000000 0 1 200 100
M 1 1024041 ok 1024040 2020 2020 1010000000000000 2020000000000000 0 2
Z 1000000000000000 1000000000000000 0 1 200 100
R 1 976079 ok 976080 1960 1960 1000000000000000 0 0 0
Z 1000000000000000 1000000000000000 0 1 200 100
R 1 976080 ok 976080 1960 1960 1000000000000000 0 0 0
Z 1000000000000000 1000000000000000 0 1 200 100
R 1 976081 err Slippage 1000000000000000 1000000000000000 0 1
Z 1000000000000000 1000000000000000 0 1 200 100
M 7 7589959 err Slippage 1000000000000000 1000000000000000 0 1
Z 1000000000000000 1000000000000000 0 1 200 100
M 7 7589960 ok 7589960 14980 14980 1070000000000000 8560000000000000 0 8
Z 1000000000000000 1000000000000000 0 1 200 100
M 7 7589961 ok 7589960 14980 14980 1070000000000000 8560000000000000 0 8
Z 1000000000000000 2000000000000000 0 2 100 0
M 0 18446744073709551615 err ZeroAmount 1000000000000000 2000000000000000 0 2
Z 1000000000000000 2000000000000000 0 2 100 0
R 0 0 err ZeroAmount 1000000000000000 2000000000000000 0 2
Z 1000000000000000 2000000000000000 0 2 100 0
M 1 18446744073709551615 ok 1004000 2000 2000 1000000000000000 3000000000000000 0 3
Z 1000000000000000 2000000000000000 0 2 100 0
R 1 0 ok 986040 1980 1980 1010000000000000 1010000000000000 0 1
Z 1000000000000000 2000000000000000 0 2 100 0
M 2 18446744073709551615 ok 2008000 4000 4000 1000000000000000 4000000000000000 0 4
Z 1000000000000000 2000000000000000 0 2 100 0
R 2 0 ok 1972080 3960 3960 1000000000000000 0 0 0
Z 1000000000000000 2000000000000000 0 2 100 0
M 3 18446744073709551615 ok 3012000 6000 6000 1000000000000000 5000000000000000 0 5
Z 1000000000000000 2000000000000000 0 2 100 0
R 3 0 err ExceedsSupply 1000000000000000 2000000000000000 0 2
Z 1000000000000000 2000000000000000 0 2 100 0
M 18446744073709551614 18446744073709551615 err Overflow|Slippage 1000000000000000 2000000000000000 0 2
Z 1000000000000000 2000000000000000 0 2 100 0
R 18446744073709551614 0 err ExceedsSupply 1000000000000000 2000000000000000 0 2
Z 1000000000000000 2000000000000000 0 2 100 0
M 18446744073709551615 18446744073709551615 err Overflow|Slippage 1000000000000000 2000000000000000 0 2
Z 1000000000000000 2000000000000000 0 2 100 0
R 18446744073709551615 0 err ExceedsSupply 1000000000000000 2000000000000000 0 2
Z 1000000000000000 2000000000000000 0 2 100 0
D 0 err ZeroAmount 1000000000000000 2000000000000000 0 2
Z 1000000000000000 2000000000000000 0 2 100 0
D 1 ok 1000000500000000 2000001000000000 0 2
Z 1000000000000000 2000000000000000 0 2 100 0
D 2 ok 1000001000000000 2000002000000000 0 2
Z 1000000000000000 2000000000000000 0 2 100 0
D 18446744073709551614 ok 9223372036855775807000000000 18446744073711551614000000000 0 2
Z 1000000000000000 2000000000000000 0 2 100 0
D 18446744073709551615 ok 9223372036855775807500000000 18446744073711551615000000000 0 2
Z 1000000000000000 2000000000000000 0 2 100 0
M 1 1003999 err Slippage 1000000000000000 2000000000000000 0 2
Z 1000000000000000 2000000000000000 0 2 100 0
M 1 1004000 ok 1004000 2000 2000 1000000000000000 3000000000000000 0 3
Z 1000000000000000 2000000000000000 0 2 100 0
M 1 1004001 ok 1004000 2000 2000 1000000000000000 3000000000000000 0 3
Z 1000000000000000 2000000000000000 0 2 100 0
R 1 986039 ok 986040 1980 1980 1010000000000000 1010000000000000 0 1
Z 1000000000000000 2000000000000000 0 2 100 0
R 1 986040 ok 986040 1980 1980 1010000000000000 1010000000000000 0 1
Z 1000000000000000 2000000000000000 0 2 100 0
R 1 986041 err Slippage 1000000000000000 2000000000000000 0 2
Z 1000000000000000 2000000000000000 0 2 100 0
M 7 7027999 err Slippage 1000000000000000 2000000000000000 0 2
Z 1000000000000000 2000000000000000 0 2 100 0
M 7 7028000 ok 7028000 14000 14000 1000000000000000 9000000000000000 0 9
Z 1000000000000000 2000000000000000 0 2 100 0
M 7 7028001 ok 7028000 14000 14000 1000000000000000 9000000000000000 0 9
Z 1000000000000000 2000000000000000 0 2 1000 1000
M 0 18446744073709551615 err ZeroAmount 1000000000000000 2000000000000000 0 2
Z 1000000000000000 2000000000000000 0 2 1000 1000
R 0 0 err ZeroAmount 1000000000000000 2000000000000000 0 2
Z 1000000000000000 2000000000000000 0 2 1000 1000
M 1 18446744073709551615 ok 1154200 2100 2100 1050000000000000 3150000000000000 0 3
Z 1000000000000000 2000000000000000 0 2 1000 1000
R 1 0 ok 896400 1800 1800 1100000000000000 1100000000000000 0 1
Z 1000000000000000 2000000000000000 0 2 1000 1000
M 2 18446744073709551615 ok 2408800 4400 4400 1100000000000000 4400000000000000 0 4
Z 1000000000000000 2000000000000000 0 2 1000 1000
R 2 0 ok 1792800 3600 3600 1000000000000000 0 0 0
Z 1000000000000000 2000000000000000 0 2 1000 1000
M 3 18446744073709551615 ok 3763800 6900 6900 1150000000000000 5750000000000000 0 5
Z 1000000000000000 2000000000000000 0 2 1000 1000
R 3 0 err ExceedsSupply 1000000000000000 2000000000000000 0 2
Z 1000000000000000 2000000000000000 0 2 1000 1000
M 18446744073709551614 18446744073709551615 err Overflow|Slippage 1000000000000000 2000000000000000 0 2
Z 1000000000000000 2000000000000000 0 2 1000 1000
R 18446744073709551614 0 err ExceedsSupply 1000000000000000 2000000000000000 0 2
Z 1000000000000000 2000000000000000 0 2 1000 1000
M 18446744073709551615 18446744073709551615 err Overflow|Slippage 1000000000000000 2000000000000000 0 2
Z 1000000000000000 2000000000000000 0 2 1000 1000
R 18446744073709551615 0 err ExceedsSupply 1000000000000000 2000000000000000 0 2
Z 1000000000000000 2000000000000000 0 2 1000 1000
D 0 err ZeroAmount 1000000000000000 2000000000000000 0 2
Z 1000000000000000 2000000000000000 0 2 1000 1000
D 1 ok 1000000500000000 2000001000000000 0 2
Z 1000000000000000 2000000000000000 0 2 1000 1000
D 2 ok 1000001000000000 2000002000000000 0 2
Z 1000000000000000 2000000000000000 0 2 1000 1000
D 18446744073709551614 ok 9223372036855775807000000000 18446744073711551614000000000 0 2
Z 1000000000000000 2000000000000000 0 2 1000 1000
D 18446744073709551615 ok 9223372036855775807500000000 18446744073711551615000000000 0 2
Z 1000000000000000 2000000000000000 0 2 1000 1000
M 1 1154199 err Slippage 1000000000000000 2000000000000000 0 2
Z 1000000000000000 2000000000000000 0 2 1000 1000
M 1 1154200 ok 1154200 2100 2100 1050000000000000 3150000000000000 0 3
Z 1000000000000000 2000000000000000 0 2 1000 1000
M 1 1154201 ok 1154200 2100 2100 1050000000000000 3150000000000000 0 3
Z 1000000000000000 2000000000000000 0 2 1000 1000
R 1 896399 ok 896400 1800 1800 1100000000000000 1100000000000000 0 1
Z 1000000000000000 2000000000000000 0 2 1000 1000
R 1 896400 ok 896400 1800 1800 1100000000000000 1100000000000000 0 1
Z 1000000000000000 2000000000000000 0 2 1000 1000
R 1 896401 err Slippage 1000000000000000 2000000000000000 0 2
Z 1000000000000000 2000000000000000 0 2 1000 1000
M 7 10187799 err Slippage 1000000000000000 2000000000000000 0 2
Z 1000000000000000 2000000000000000 0 2 1000 1000
M 7 10187800 ok 10187800 18900 18900 1350000000000000 12150000000000000 0 9
Z 1000000000000000 2000000000000000 0 2 1000 1000
M 7 10187801 ok 10187800 18900 18900 1350000000000000 12150000000000000 0 9
Z 1000000000000000 2000000000000000 0 2 200 100
M 0 18446744073709551615 err ZeroAmount 1000000000000000 2000000000000000 0 2
Z 1000000000000000 2000000000000000 0 2 200 100
R 0 0 err ZeroAmount 1000000000000000 2000000000000000 0 2
Z 1000000000000000 2000000000000000 0 2 200 100
M 1 18446744073709551615 ok 1019020 2010 2010 1005000000000000 3015000000000000 0 3
Z 1000000000000000 2000000000000000 0 2 200 100
R 1 0 ok 976080 1960 1960 1020000000000000 1020000000000000 0 1
Z 1000000000000000 2000000000000000 0 2 200 100
M 2 18446744073709551615 ok 2048080 4040 4040 1010000000000000 4040000000000000 0 4
Z 1000000000000000 2000000000000000 0 2 200 100
R 2 0 ok 1952160 3920 3920 1000000000000000 0 0 0
Z 1000000000000000 2000000000000000 0 2 200 100
M 3 18446744073709551615 ok 3087180 6090 6090 1015000000000000 5075000000000000 0 5
Z 1000000000000000 2000000000000000 0 2 200 100
R 3 0 err ExceedsSupply 1000000000000000 2000000000000000 0 2
Z 1000000000000000 2000000000000000 0 2 200 100
M 18446744073709551614 18446744073709551615 err Overflow|Slippage 1000000000000000 2000000000000000 0 2
Z 1000000000000000 2000000000000000 0 2 200 100
R 18446744073709551614 0 err ExceedsSupply 1000000000000000 2000000000000000 0 2
Z 1000000000000000 2000000000000000 0 2 200 100
M 18446744073709551615 18446744073709551615 err Overflow|Slippage 1000000000000000 2000000000000000 0 2
Z 1000000000000000 2000000000000000 0 2 200 100
R 18446744073709551615 0 err ExceedsSupply 1000000000000000 2000000000000000 0 2
Z 1000000000000000 2000000000000000 0 2 200 100
D 0 err ZeroAmount 1000000000000000 2000000000000000 0 2
Z 1000000000000000 2000000000000000 0 2 200 100
D 1 ok 1000000500000000 2000001000000000 0 2
Z 1000000000000000 2000000000000000 0 2 200 100
D 2 ok 1000001000000000 2000002000000000 0 2
Z 1000000000000000 2000000000000000 0 2 200 100
D 18446744073709551614 ok 9223372036855775807000000000 18446744073711551614000000000 0 2
Z 1000000000000000 2000000000000000 0 2 200 100
D 18446744073709551615 ok 9223372036855775807500000000 18446744073711551615000000000 0 2
Z 1000000000000000 2000000000000000 0 2 200 100
M 1 1019019 err Slippage 1000000000000000 2000000000000000 0 2
Z 1000000000000000 2000000000000000 0 2 200 100
M 1 1019020 ok 1019020 2010 2010 1005000000000000 3015000000000000 0 3
Z 1000000000000000 2000000000000000 0 2 200 100
M 1 1019021 ok 1019020 2010 2010 1005000000000000 3015000000000000 0 3
Z 1000000000000000 2000000000000000 0 2 200 100
R 1 976079 ok 976080 1960 1960 1020000000000000 1020000000000000 0 1
Z 1000000000000000 2000000000000000 0 2 200 100
R 1 976080 ok 976080 1960 1960 1020000000000000 1020000000000000 0 1
Z 1000000000000000 2000000000000000 0 2 200 100
R 1 976081 err Slippage 1000000000000000 2000000000000000 0 2
Z 1000000000000000 2000000000000000 0 2 200 100
M 7 7343979 err Slippage 1000000000000000 2000000000000000 0 2
Z 1000000000000000 2000000000000000 0 2 200 100
M 7 7343980 ok 7343980 14490 14490 1035000000000000 9315000000000000 0 9
Z 1000000000000000 2000000000000000 0 2 200 100
M 7 7343981 ok 7343980 14490 14490 1035000000000000 9315000000000000 0 9
Z 1000000000000000 3000000000000000 0 3 100 0
M 0 18446744073709551615 err ZeroAmount 1000000000000000 3000000000000000 0 3
Z 1000000000000000 3000000000000000 0 3 100 0
R 0 0 err ZeroAmount 1000000000000000 3000000000000000 0 3
Z 1000000000000000 3000000000000000 0 3 100 0
M 1 18446744073709551615 ok 1004000 2000 2000 1000000000000000 4000000000000000 0 4
Z 1000000000000000 3000000000000000 0 3 100 0
R 1 0 ok 986040 1980 1980 1005000000000000 2010000000000000 0 2
Z 1000000000000000 3000000000000000 0 3 100 0
M 2 18446744073709551615 ok 2008000 4000 4000 1000000000000000 5000000000000000 0 5
Z 1000000000000000 3000000000000000 0 3 100 0
R 2 0 ok 1972080 3960 3960 1020000000000000 1020000000000000 0 1
Z 1000000000000000 3000000000000000 0 3 100 0
M 3 18446744073709551615 ok 3012000 6000 6000 1000000000000000 6000000000000000 0 6
Z 1000000000000000 3000000000000000 0 3 100 0
R 3 0 ok 2958120 5940 5940 1000000000000000 0 0 0
Z 1000000000000000 3000000000000000 0 3 100 0
M 4 18446744073709551615 ok 4016000 8000 8000 1000000000000000 7000000000000000 0 7
Z 1000000000000000 3000000000000000 0 3 100 0
R 4 0 err ExceedsSupply 1000000000000000 3000000000000000 0 3
Z 1000000000000000 3000000000000000 0 3 100 0
M 18446744073709551614 18446744073709551615 err Overflow|Slippage 1000000000000000 3000000000000000 0 3
Z 1000000000000000 3000000000000000 0 3 100 0
R 18446744073709551614 0 err ExceedsSupply 1000000000000000 3000000000000000 0 3
Z 1000000000000000 3000000000000000 0 3 100 0
M 18446744073709551615 18446744073709551615 err Overflow|Slippage 1000000000000000 3000000000000000 0 3
Z 1000000000000000 3000000000000000 0 3 100 0
R 18446744073709551615 0 err ExceedsSupply 1000000000000000 3000000000000000 0 3
Z 1000000000000000 3000000000000000 0 3 100 0
D 0 err ZeroAmount 1000000000000000 3000000000000000 0 3
Z 1000000000000000 3000000000000000 0 3 100 0
D 1 ok 1000000333333333 3000000999999999 1 3
Z 1000000000000000 3000000000000000 0 3 100 0
D 2 ok 1000000666666666 3000001999999998 2 3
Z 1000000000000000 3000000000000000 0 3 100 0
D 18446744073709551614 ok 6148914691237517204666666666 18446744073712551613999999998 2 3
Z 1000000000000000 3000000000000000 0 3 100 0
D 18446744073709551615 ok 6148914691237517205000000000 18446744073712551615000000000 0 3
Z 1000000000000000 3000000000000000 0 3 100 0
M 1 1003999 err Slippage 1000000000000000 3000000000000000 0 3
Z 1000000000000000 3000000000000000 0 3 100 0
M 1 1004000 ok 1004000 2000 2000 1000000000000000 4000000000000000 0 4
Z 1000000000000000 3000000000000000 0 3 100 0
M 1 1004001 ok 1004000 2000 2000 1000000000000000 4000000000000000 0 4
Z 1000000000000000 3000000000000000 0 3 100 0
R 1 986039 ok 986040 1980 1980 1005000000000000 2010000000000000 0 2
Z 1000000000000000 3000000000000000 0 3 100 0
R 1 986040 ok 986040 1980 1980 1005000000000000 2010000000000000 0 2
Z 1000000000000000 3000000000000000 0 3 100 0
R 1 986041 err Slippage 1000000000000000 3000000000000000 0 3
Z 1000000000000000 3000000000000000 0 3 100 0
M 7 7027999 err Slippage 1000000000000000 3000000000000000 0 3
Z 1000000000000000 3000000000000000 0 3 100 0
M 7 7028000 ok 7028000 14000 14000 1000000000000000 10000000000000000 0 10
Z 1000000000000000 3000000000000000 0 3 100 0
M 7 7028001 ok 7028000 14000 14000 1000000000000000 10000000000000000 0 10
Z 1000000000000000 3000000000000000 0 3 1000 1000
M 0 18446744073709551615 err ZeroAmount 1000000000000000 3000000000000000 0 3
Z 1000000000000000 3000000000000000 0 3 1000 1000
R 0 0 err ZeroAmount 1000000000000000 3000000000000000 0 3
Z 1000000000000000 3000000000000000 0 3 1000 1000
M 1 18446744073709551615 ok 1137467 2067 2066 1033333500000000 4133334000000000 0 4
Z 1000000000000000 3000000000000000 0 3 1000 1000
R 1 0 ok 896400 1800 1800 1050000000000000 2100000000000000 0 2
Z 1000000000000000 3000000000000000 0 3 1000 1000
M 2 18446744073709551615 ok 2341867 4267 4266 1066666800000000 5333334000000000 0 5
Z 1000000000000000 3000000000000000 0 3 1000 1000
R 2 0 ok 1792800 3600 3600 1200000000000000 1200000000000000 0 1
Z 1000000000000000 3000000000000000 0 3 1000 1000
M 3 18446744073709551615 ok 3613200 6600 6600 1100000000000000 6600000000000000 0 6
Z 1000000000000000 3000000000000000 0 3 1000 1000
R 3 0 ok 2689200 5400 5400 1000000000000000 0 0 0
Z 1000000000000000 3000000000000000 0 3 1000 1000
M 4 18446744073709551615 ok 4951467 9067 9066 1133333428571428 7933333999999996 4 7
Z 1000000000000000 3000000000000000 0 3 1000 1000
R 4 0 err ExceedsSupply 1000000000000000 3000000000000000 0 3
Z 1000000000000000 3000000000000000 0 3 1000 1000
M 18446744073709551614 18446744073709551615 err Overflow|Slippage 1000000000000000 3000000000000000 0 3
Z 1000000000000000 3000000000000000 0 3 1000 1000
R 18446744073709551614 0 err ExceedsSupply 1000000000000000 3000000000000000 0 3
Z 1000000000000000 3000000000000000 0 3 1000 1000
M 18446744073709551615 18446744073709551615 err Overflow|Slippage 1000000000000000 3000000000000000 0 3
Z 1000000000000000 3000000000000000 0 3 1000 1000
R 18446744073709551615 0 err ExceedsSupply 1000000000000000 3000000000000000 0 3
Z 1000000000000000 3000000000000000 0 3 1000 1000
D 0 err ZeroAmount 1000000000000000 3000000000000000 0 3
Z 1000000000000000 3000000000000000 0 3 1000 1000
D 1 ok 1000000333333333 3000000999999999 1 3
Z 1000000000000000 3000000000000000 0 3 1000 1000
D 2 ok 1000000666666666 3000001999999998 2 3
Z 1000000000000000 3000000000000000 0 3 1000 1000
D 18446744073709551614 ok 6148914691237517204666666666 18446744073712551613999999998 2 3
Z 1000000000000000 3000000000000000 0 3 1000 1000
D 18446744073709551615 ok 6148914691237517205000000000 18446744073712551615000000000 0 3
Z 1000000000000000 3000000000000000 0 3 1000 1000
M 1 1137466 err Slippage 1000000000000000 3000000000000000 0 3
Z 1000000000000000 3000000000000000 0 3 1000 1000
M 1 1137467 ok 1137467 2067 2066 1033333500000000 4133334000000000 0 4
Z 1000000000000000 3000000000000000 0 3 1000 1000
M 1 1137468 ok 1137467 2067 2066 1033333500000000 4133334000000000 0 4
Z 1000000000000000 3000000000000000 0 3 1000 1000
R 1 896399 ok 896400 1800 1800 1050000000000000 2100000000000000 0 2
Z 1000000000000000 3000000000000000 0 3 1000 1000
R 1 896400 ok 896400 1800 1800 1050000000000000 2100000000000000 0 2
Z 1000000000000000 3000000000000000 0 3 1000 1000
R 1 896401 err Slippage 1000000000000000 3000000000000000 0 3
Z 1000000000000000 3000000000000000 0 3 1000 1000
M 7 9367866 err Slippage 1000000000000000 3000000000000000 0 3
Z 1000000000000000 3000000000000000 0 3 1000 1000
M 7 9367867 ok 9367867 17267 17266 1233333400000000 12333334000000000 0 10
Z 1000000000000000 3000000000000000 0 3 1000 1000
M 7 9367868 ok 9367867 17267 17266 1233333400000000 12333334000000000 0 10
Z 1000000000000000 3000000000000000 0 3 200 100
M 0 18446744073709551615 err ZeroAmount 1000000000000000 3000000000000000 0 3
Z 1000000000000000 3000000000000000 0 3 200 100
R 0 0 err ZeroAmount 1000000000000000 3000000000000000 0 3
Z 1000000000000000 3000000000000000 0 3 200 100
M 1 18446744073709551615 ok 1017347 2007 2006 1003333500000000 4013334000000000 0 4
Z 1000000000000000 3000000000000000 0 3 200 100
R 1 0 ok 976080 1960 1960 1010000000000000 2020000000000000 0 2
Z 1000000000000000 3000000000000000 0 3 200 100
M 2 18446744073709551615 ok 2041387 4027 4026 1006666800000000 5033334000000000 0 5
Z 1000000000000000 3000000000000000 0 3 200 100
R 2 0 ok 1952160 3920 3920 1040000000000000 1040000000000000 0 1
Z 1000000000000000 3000000000000000 0 3 200 100
M 3 18446744073709551615 ok 3072120 6060 6060 1010000000000000 6060000000000000 0 6
Z 1000000000000000 3000000000000000 0 3 200 100
R 3 0 ok 2928240 5880 5880 1000000000000000 0 0 0
Z 1000000000000000 3000000000000000 0 3 200 100
M 4 18446744073709551615 ok 4109547 8107 8106 1013333428571428 7093333999999996 4 7
Z 1000000000000000 3000000000000000 0 3 200 100
R 4 0 err ExceedsSupply 1000000000000000 3000000000000000 0 3
Z 1000000000000000 3000000000000000 0 3 200 100
M 18446744073709551614 18446744073709551615 err Overflow|Slippage 1000000000000000 3000000000000000 0 3
Z 1000000000000000 3000000000000000 0 3 200 100
R 18446744073709551614 0 err ExceedsSupply 1000000000000000 3000000000000000 0 3
Z 1000000000000000 3000000000000000 0 3 200 100
M 18446744073709551615 18446744073709551615 err Overflow|Slippage 1000000000000000 3000000000000000 0 3
Z 1000000000000000 3000000000000000 0 3 200 100
R 18446744073709551615 0 err ExceedsSupply 1000000000000000 3000000000000000 0 3
Z 1000000000000000 3000000000000000 0 3 200 100
D 0 err ZeroAmount 1000000000000000 3000000000000000 0 3
Z 1000000000000000 3000000000000000 0 3 200 100
D 1 ok 1000000333333333 3000000999999999 1 3
Z 1000000000000000 3000000000000000 0 3 200 100
D 2 ok 1000000666666666 3000001999999998 2 3
Z 1000000000000000 3000000000000000 0 3 200 100
D 18446744073709551614 ok 6148914691237517204666666666 18446744073712551613999999998 2 3
Z 1000000000000000 3000000000000000 0 3 200 100
D 18446744073709551615 ok 6148914691237517205000000000 18446744073712551615000000000 0 3
Z 1000000000000000 3000000000000000 0 3 200 100
M 1 1017346 err Slippage 1000000000000000 3000000000000000 0 3
Z 1000000000000000 3000000000000000 0 3 200 100
M 1 1017347 ok 1017347 2007 2006 1003333500000000 4013334000000000 0 4
Z 1000000000000000 3000000000000000 0 3 200 100
M 1 1017348 ok 1017347 2007 2006 1003333500000000 4013334000000000 0 4
Z 1000000000000000 3000000000000000 0 3 200 100
R 1 976079 ok 976080 1960 1960 1010000000000000 2020000000000000 0 2
Z 1000000000000000 3000000000000000 0 3 200 100
R 1 976080 ok 976080 1960 1960 1010000000000000 2020000000000000 0 2
Z 1000000000000000 3000000000000000 0 3 200 100
R 1 976081 err Slippage 1000000000000000 3000000000000000 0 3
Z 1000000000000000 3000000000000000 0 3 200 100
M 7 7261986 err Slippage 1000000000000000 3000000000000000 0 3
Z 1000000000000000 3000000000000000 0 3 200 100
M 7 7261987 ok 7261987 14327 14326 1023333400000000 10233334000000000 0 10
Z 1000000000000000 3000000000000000 0 3 200 100
M 7 7261988 ok 7261987 14327 14326 1023333400000000 10233334000000000 0 10
Z 1000000000000000 1000000000000000000000000 0 1000000000 100 0
M 0 18446744073709551615 err ZeroAmount 1000000000000000 1000000000000000000000000 0 1000000000
Z 1000000000000000 1000000000000000000000000 0 1000000000 100 0
R 0 0 err ZeroAmount 1000000000000000 1000000000000000000000000 0 1000000000
Z 1000000000000000 1000000000000000000000000 0 1000000000 100 0
M 1 18446744073709551615 ok 1004000 2000 2000 1000000000000000 1000000001000000000000000 0 1000000001
Z 1000000000000000 1000000000000000000000000 0 1000000000 100 0
R 1 0 ok 986040 1980 1980 1000000000010000 999999999009999999990000 10000 999999999
Z 1000000000000000 1000000000000000000000000 0 1000000000 100 0
M 2 18446744073709551615 ok 2008000 4000 4000 1000000000000000 1000000002000000000000000 0 1000000002
Z 1000000000000000 1000000000000000000000000 0 1000000000 100 0
R 2 0 ok 1972080 3960 3960 1000000000020000 999999998019999999960000 40000 999999998
Z 1000000000000000 1000000000000000000000000 0 1000000000 100 0
M 999999999 18446744073709551615 ok 1003999998996000 1999999998000 1999999998000 1000000000000000 1999999999000000000000000 0 1999999999
Z 1000000000000000 1000000000000000000000000 0 1000000000 100 0
R 999999999 0 ok 986039999013960 1979999998020 1979999998020 10000000990000000000000 10000000990000000000000 0 1
Z 1000000000000000 1000000000000000000000000 0 1000000000 100 0
M 1000000000 18446744073709551615 ok 1004000000000000 2000000000000 2000000000000 1000000000000000 2000000000000000000000000 0 2000000000
Z 1000000000000000 1000000000000000000000000 0 1000000000 100 0
R 1000000000 0 ok 986040000000000 1980000000000 1980000000000 1000000000000000 0 0 0
Z 1000000000000000 1000000000000000000000000 0 1000000000 100 0
M 1000000001 18446744073709551615 ok 1004000001004000 2000000002000 2000000002000 1000000000000000 2000000001000000000000000 0 2000000001
Z 1000000000000000 1000000000000000000000000 0 1000000000 100 0
R 1000000001 0 err ExceedsSupply 1000000000000000 1000000000000000000000000 0 1000000000
Z 1000000000000000 1000000000000000000000000 0 1000000000 100 0
M 18446744073709551614 18446744073709551615 err Overflow|Slippage 1000000000000000 1000000000000000000000000 0 1000000000
Z 1000000000000000 1000000000000000000000000 0 1000000000 100 0
R 18446744073709551614 0 err ExceedsSupply 1000000000000000 1000000000000000000000000 0 1000000000
Z 1000000000000000 1000000000000000000000000 0 1000000000 100 0
M 18446744073709551615 18446744073709551615 err Overflow|Slippage 1000000000000000 1000000000000000000000000 0 1000000000
Z 1000000000000000 1000000000000000000000000 0 1000000000 100 0
R 18446744073709551615 0 err ExceedsSupply 1000000000000000 1000000000000000000000000 0 1000000000
Z 1000000000000000 1000000000000000000000000 0 1000000000 100 0
D 0 err ZeroAmount 1000000000000000 1000000000000000000000000 0 1000000000
Z 1000000000000000 1000000000000000000000000 0 1000000000 100 0
D 1 ok 1000000000000001 1000000000000001000000000 0 1000000000
Z 1000000000000000 1000000000000000000000000 0 1000000000 100 0
D 2 ok 1000000000000002 1000000000000002000000000 0 1000000000
Z 1000000000000000 1000000000000000000000000 0 1000000000 100 0
D 18446744073709551614 ok 18447744073709551614 18447744073709551614000000000 0 1000000000
Z 1000000000000000 1000000000000000000000000 0 1000000000 100 0
D 18446744073709551615 ok 18447744073709551615 18447744073709551615000000000 0 1000000000
Z 1000000000000000 1000000000000000000000000 0 1000000000 100 0
M 1 1003999 err Slippage 1000000000000000 1000000000000000000000000 0 1000000000
Z 1000000000000000 1000000000000000000000000 0 1000000000 100 0
M 1 1004000 ok 1004000 2000 2000 1000000000000000 1000000001000000000000000 0 1000000001
Z 1000000000000000 1000000000000000000000000 0 1000000000 100 0
M 1 1004001 ok 1004000 2000 2000 1000000000000000 1000000001000000000000000 0 1000000001
Z 1000000000000000 1000000000000000000000000 0 1000000000 100 0
R 1 986039 ok 986040 1980 1980 1000000000010000 999999999009999999990000 10000 999999999
Z 1000000000000000 1000000000000000000000000 0 1000000000 100 0
R 1 986040 ok 986040 1980 1980 1000000000010000 999999999009999999990000 10000 999999999
Z 1000000000000000 1000000000000000000000000 0 1000000000 100 0
R 1 986041 err Slippage 1000000000000000 1000000000000000000000000 0 1000000000
Z 1000000000000000 1000000000000000000000000 0 1000000000 100 0
M 7 7027999 err Slippage 1000000000000000 1000000000000000000000000 0 1000000000
Z 1000000000000000 1000000000000000000000000 0 1000000000 100 0
M 7 7028000 ok 7028000 14000 14000 1000000000000000 1000000007000000000000000 0 1000000007
Z 1000000000000000 1000000000000000000000000 0 1000000000 100 0
M 7 7028001 ok 7028000 14000 14000 1000000000000000 1000000007000000000000000 0 1000000007
Z 1000000000000000 1000000000000000000000000 0 1000000000 100 0
R 7 6902279 ok 6902280 13860 13860 1000000000070000 999999993069999999510000 490000 999999993
Z 1000000000000000 1000000000000000000000000 0 1000000000 100 0
R 7 6902280 ok 6902280 13860 13860 1000000000070000 999999993069999999510000 490000 999999993
Z 1000000000000000 1000000000000000000000000 0 1000000000 100 0
R 7 6902281 err Slippage 1000000000000000 1000000000000000000000000 0 1000000000
Z 1000000000000000 1000000000000000000000000 0 1000000000 1000 1000
M 0 18446744073709551615 err ZeroAmount 1000000000000000 1000000000000000000000000 0 1000000000
Z 1000000000000000 1000000000000000000000000 0 1000000000 1000 1000
R 0 0 err ZeroAmount 1000000000000000 1000000000000000000000000 0 1000000000
Z 1000000000000000 1000000000000000000000000 0 1000000000 1000 1000
M 1 18446744073709551615 ok 1104001 2000 2000 1000000000100000 1000000001100000000100000 999900000 1000000001
Z 1000000000000000 1000000000000000000000000 0 1000000000 1000 1000
R 1 0 ok 896400 1800 1800 1000000000100000 999999999099999999900000 100000 999999999
Z 1000000000000000 1000000000000000000000000 0 1000000000 1000 1000
M 2 18446744073709551615 ok 2208001 4000 4000 1000000000200000 1000000002200000000400000 999600000 1000000002
Z 1000000000000000 1000000000000000000000000 0 1000000000 1000 1000
R 2 0 ok 1792800 3600 3600 1000000000200000 999999998199999999600000 400000 999999998
Z 1000000000000000 1000000000000000000000000 0 1000000000 1000 1000
M 999999999 18446744073709551615 ok 1204399998695201 2199999997600 2199999997600 1099999999900000 2199999998700000000100000 999900000 1999999999
Z 1000000000000000 1000000000000000000000000 0 1000000000 1000 1000
R 999999999 0 ok 896399999103600 1799999998200 1799999998200 100000000900000000000000 100000000900000000000000 0 1
Z 1000000000000000 1000000000000000000000000 0 1000000000 1000 1000
M 1000000000 18446744073709551615 ok 1204400000000000 2200000000000 2200000000000 1100000000000000 2200000000000000000000000 0 2000000000
Z 1000000000000000 1000000000000000000000000 0 1000000000 1000 1000
R 1000000000 0 ok 896400000000000 1800000000000 1800000000000 1000000000000000 0 0 0
Z 1000000000000000 1000000000000000000000000 0 1000000000 1000 1000
M 1000000001 18446744073709551615 ok 1204400001304801 2200000002400 2200000002400 1100000000100000 2200000001300000000100000 999900000 2000000001
Z 1000000000000000 1000000000000000000000000 0 1000000000 1000 1000
R 1000000001 0 err ExceedsSupply 1000000000000000 1000000000000000000000000 0 1000000000
Z 1000000000000000 1000000000000000000000000 0 1000000000 1000 1000
M 18446744073709551614 18446744073709551615 err Overflow|Slippage 1000000000000000 1000000000000000000000000 0 1000000000
Z 1000000000000000 1000000000000000000000000 0 1000000000 1000 1000
R 18446744073709551614 0 err ExceedsSupply 1000000000000000 1000000000000000000000000 0 1000000000
Z 1000000000000000 1000000000000000000000000 0 1000000000 1000 1000
M 18446744073709551615 18446744073709551615 err Overflow|Slippage 1000000000000000 1000000000000000000000000 0 1000000000
Z 1000000000000000 1000000000000000000000000 0 1000000000 1000 1000
R 18446744073709551615 0 err ExceedsSupply 1000000000000000 1000000000000000000000000 0 1000000000
Z 1000000000000000 1000000000000000000000000 0 1000000000 1000 1000
D 0 err ZeroAmount 1000000000000000 1000000000000000000000000 0 1000000000
Z 1000000000000000 1000000000000000000000000 0 1000000000 1000 1000
D 1 ok 1000000000000001 1000000000000001000000000 0 1000000000
Z 1000000000000000 1000000000000000000000000 0 1000000000 1000 1000
D 2 ok 1000000000000002 1000000000000002000000000 0 1000000000
Z 1000000000000000 1000000000000000000000000 0 1000000000 1000 1000
D 18446744073709551614 ok 18447744073709551614 18447744073709551614000000000 0 1000000000
Z 1000000000000000 1000000000000000000000000 0 1000000000 1000 1000
D 18446744073709551615 ok 18447744073709551615 18447744073709551615000000000 0 1000000000
Z 1000000000000000 1000000000000000000000000 0 1000000000 1000 1000
M 1 1104000 err Slippage 1000000000000000 1000000000000000000000000 0 1000000000
Z 1000000000000000 1000000000000000000000000 0 1000000000 1000 1000
M 1 1104001 ok 1104001 2000 2000 1000000000100000 1000000001100000000100000 999900000 1000000001
Z 1000000000000000 1000000000000000000000000 0 1000000000 1000 1000
M 1 1104002 ok 1104001 2000 2000 1000000000100000 1000000001100000000100000 999900000 1000000001
Z 1000000000000000 1000000000000000000000000 0 1000000000 1000 1000
R 1 896399 ok 896400 1800 1800 1000000000100000 999999999099999999900000 100000 999999999
Z 1000000000000000 1000000000000000000000000 0 1000000000 1000 1000
R 1 896400 ok 896400 1800 1800 1000000000100000 999999999099999999900000 100000 999999999
Z 1000000000000000 1000000000000000000000000 0 1000000000 1000 1000
R 1 896401 err Slippage 1000000000000000 1000000000000000000000000 0 1000000000
Z 1000000000000000 1000000000000000000000000 0 1000000000 1000 1000
M 7 7728000 err Slippage 1000000000000000 1000000000000000000000000 0 1000000000
Z 1000000000000000 1000000000000000000000000 0 1000000000 1000 1000
M 7 7728001 ok 7728001 14000 14000 1000000000700000 1000000007700000004900000 995100000 1000000007
Z 1000000000000000 1000000000000000000000000 0 1000000000 1000 1000
M 7 7728002 ok 7728001 14000 14000 1000000000700000 1000000007700000004900000 995100000 1000000007
Z 1000000000000000 1000000000000000000000000 0 1000000000 1000 1000
R 7 6274799 ok 6274800 12600 12600 1000000000700000 999999993699999995100000 4900000 999999993
Z 1000000000000000 1000000000000000000000000 0 1000000000 1000 1000
R 7 6274800 ok 6274800 12600 12600 1000000000700000 999999993699999995100000 4900000 999999993
Z 1000000000000000 1000000000000000000000000 0 1000000000 1000 1000
R 7 6274801 err Slippage 1000000000000000 1000000000000000000000000 0 1000000000
Z 1000000000000000 1000000000000000000000000 0 1000000000 200 100
M 0 18446744073709551615 err ZeroAmount 1000000000000000 1000000000000000000000000 0 1000000000
Z 1000000000000000 1000000000000000000000000 0 1000000000 200 100
R 0 0 err ZeroAmount 1000000000000000 1000000000000000000000000 0 1000000000
Z 1000000000000000 1000000000000000000000000 0 1000000000 200 100
M 1 18446744073709551615 ok 1014001 2000 2000 1000000000010000 1000000001010000000010000 999990000 1000000001
Z 1000000000000000 1000000000000000000000000 0 1000000000 200 100
R 1 0 ok 976080 1960 1960 1000000000020000 999999999019999999980000 20000 999999999
Z 1000000000000000 1000000000000000000000000 0 1000000000 200 100
M 2 18446744073709551615 ok 2028001 4000 4000 1000000000020000 1000000002020000000040000 999960000 1000000002
Z 1000000000000000 1000000000000000000000000 0 1000000000 200 100
R 2 0 ok 1952160 3920 3920 1000000000040000 999999998039999999920000 80000 999999998
Z 1000000000000000 1000000000000000000000000 0 1000000000 200 100
M 999999999 18446744073709551615 ok 1024039998965921 2019999997960 2019999997960 1009999999990000 2019999998970000000010000 999990000 1999999999
Z 1000000000000000 1000000000000000000000000 0 1000000000 200 100
R 999999999 0 ok 976079999023920 1959999998040 1959999998040 20000000980000000000000 20000000980000000000000 0 1
Z 1000000000000000 1000000000000000000000000 0 1000000000 200 100
M 1000000000 18446744073709551615 ok 1024040000000000 2020000000000 2020000000000 1010000000000000 2020000000000000000000000 0 2000000000
Z 1000000000000000 1000000000000000000000000 0 1000000000 200 100
R 1000000000 0 ok 976080000000000 1960000000000 1960000000000 1000000000000000 0 0 0
Z 1000000000000000 1000000000000000000000000 0 1000000000 200 100
M 1000000001 18446744073709551615 ok 1024040001034081 2020000002040 2020000002040 1010000000010000 2020000001030000000010000 999990000 2000000001
Z 1000000000000000 1000000000000000000000000 0 1000000000 200 100
R 1000000001 0 err ExceedsSupply 1000000000000000 1000000000000000000000000 0 1000000000
Z 1000000000000000 1000000000000000000000000 0 1000000000 200 100
M 18446744073709551614 18446744073709551615 err Overflow|Slippage 1000000000000000 1000000000000000000000000 0 1000000000
Z 1000000000000000 1000000000000000000000000 0 1000000000 200 100
R 18446744073709551614 0 err ExceedsSupply 1000000000000000 1000000000000000000000000 0 1000000000
Z 1000000000000000 1000000000000000000000000 0 1000000000 200 100
M 18446744073709551615 18446744073709551615 err Overflow|Slippage 1000000000000000 1000000000000000000000000 0 1000000000
Z 1000000000000000 1000000000000000000000000 0 1000000000 200 100
R 18446744073709551615 0 err ExceedsSupply 1000000000000000 1000000000000000000000000 0 1000000000
Z 1000000000000000 1000000000000000000000000 0 1000000000 200 100
D 0 err ZeroAmount 1000000000000000 1000000000000000000000000 0 1000000000
Z 1000000000000000 1000000000000000000000000 0 1000000000 200 100
D 1 ok 1000000000000001 1000000000000001000000000 0 1000000000
Z 1000000000000000 1000000000000000000000000 0 1000000000 200 100
D 2 ok 1000000000000002 1000000000000002000000000 0 1000000000
Z 1000000000000000 1000000000000000000000000 0 1000000000 200 100
D 18446744073709551614 ok 18447744073709551614 18447744073709551614000000000 0 1000000000
Z 1000000000000000 1000000000000000000000000 0 1000000000 200 100
D 18446744073709551615 ok 18447744073709551615 18447744073709551615000000000 0 1000000000
Z 1000000000000000 1000000000000000000000000 0 1000000000 200 100
M 1 1014000 err Slippage 1000000000000000 1000000000000000000000000 0 1000000000
Z 1000000000000000 1000000000000000000000000 0 1000000000 200 100
M 1 1014001 ok 1014001 2000 2000 1000000000010000 1000000001010000000010000 999990000 1000000001
Z 1000000000000000 1000000000000000000000000 0 1000000000 200 100
M 1 1014002 ok 1014001 2000 2000 1000000000010000 1000000001010000000010000 999990000 1000000001
Z 1000000000000000 1000000000000000000000000 0 1000000000 200 100
R 1 976079 ok 976080 1960 1960 1000000000020000 999999999019999999980000 20000 999999999
Z 1000000000000000 1000000000000000000000000 0 1000000000 200 100
R 1 976080 ok 976080 1960 1960 1000000000020000 999999999019999999980000 20000 999999999
Z 1000000000000000 1000000000000000000000000 0 1000000000 200 100
R 1 976081 err Slippage 1000000000000000 1000000000000000000000000 0 1000000000
Z 1000000000000000 1000000000000000000000000 0 1000000000 200 100
M 7 7098000 err Slippage 1000000000000000 1000000000000000000000000 0 1000000000
Z 1000000000000000 1000000000000000000000000 0 1000000000 200 100
M 7 7098001 ok 7098001 14000 14000 1000000000070000 1000000007070000000490000 999510000 1000000007
Z 1000000000000000 1000000000000000000000000 0 1000000000 200 100
M 7 7098002 ok 7098001 14000 14000 1000000000070000 1000000007070000000490000 999510000 1000000007
Z 1000000000000000 1000000000000000000000000 0 1000000000 200 100
R 7 6832559 ok 6832560 13720 13720 1000000000140000 999999993139999999020000 980000 999999993
Z 1000000000000000 1000000000000000000000000 0 1000000000 200 100
R 7 6832560 ok 6832560 13720 13720 1000000000140000 999999993139999999020000 980000 999999993
Z 1000000000000000 1000000000000000000000000 0 1000000000 200 100
R 7 6832561 err Slippage 1000000000000000 1000000000000000000000000 0 1000000000
Z 1000000000000000 1000000000000000000000000000000 0 1000000000000000 100 0
M 0 18446744073709551615 err ZeroAmount 1000000000000000 1000000000000000000000000000000 0 1000000000000000
Z 1000000000000000 1000000000000000000000000000000 0 1000000000000000 100 0
R 0 0 err ZeroAmount 1000000000000000 1000000000000000000000000000000 0 1000000000000000
Z 1000000000000000 1000000000000000000000000000000 0 1000000000000000 100 0
M 1 18446744073709551615 ok 1004000 2000 2000 1000000000000000 1000000000000001000000000000000 0 1000000000000001
Z 1000000000000000 1000000000000000000000000000000 0 1000000000000000 100 0
R 1 0 ok 986040 1980 1980 1000000000000000 999999999999999000000000000000 10000000000000 999999999999999
Z 1000000000000000 1000000000000000000000000000000 0 1000000000000000 100 0
M 2 18446744073709551615 ok 2008000 4000 4000 1000000000000000 1000000000000002000000000000000 0 1000000000000002
Z 1000000000000000 1000000000000000000000000000000 0 1000000000000000 100 0
R 2 0 ok 1972080 3960 3960 1000000000000000 999999999999998000000000000000 20000000000000 999999999999998
Z 1000000000000000 1000000000000000000000000000000 0 1000000000000000 100 0
M 999999999999999 18446744073709551615 err Overflow|Slippage 1000000000000000 1000000000000000000000000000000 0 1000000000000000
Z 1000000000000000 1000000000000000000000000000000 0 1000000000000000 100 0
R 999999999999999 0 err Overflow 1000000000000000 1000000000000000000000000000000 0 1000000000000000
Z 1000000000000000 1000000000000000000000000000000 0 1000000000000000 100 0
M 1000000000000000 18446744073709551615 err Overflow|Slippage 1000000000000000 1000000000000000000000000000000 0 1000000000000000
Z 1000000000000000 1000000000000000000000000000000 0 1000000000000000 100 0
R 1000000000000000 0 err Overflow 1000000000000000 1000000000000000000000000000000 0 1000000000000000
Z 1000000000000000 1000000000000000000000000000000 0 1000000000000000 100 0
M 1000000000000001 18446744073709551615 err Overflow|Slippage 1000000000000000 1000000000000000000000000000000 0 1000000000000000
Z 1000000000000000 1000000000000000000000000000000 0 1000000000000000 100 0
R 1000000000000001 0 err ExceedsSupply 1000000000000000 1000000000000000000000000000000 0 1000000000000000
Z 1000000000000000 1000000000000000000000000000000 0 1000000000000000 100 0
M 18446744073709551614 18446744073709551615 err Overflow|Slippage 1000000000000000 1000000000000000000000000000000 0 1000000000000000
Z 1000000000000000 1000000000000000000000000000000 0 1000000000000000 100 0
R 18446744073709551614 0 err ExceedsSupply 1000000000000000 1000000000000000000000000000000 0 1000000000000000
Z 1000000000000000 1000000000000000000000000000000 0 1000000000000000 100 0
M 18446744073709551615 18446744073709551615 err Overflow|Slippage 1000000000000000 1000000000000000000000000000000 0 1000000000000000
Z 1000000000000000 1000000000000000000000000000000 0 1000000000000000 100 0
R 18446744073709551615 0 err ExceedsSupply 1000000000000000 1000000000000000000000000000000 0 1000000000000000
Z 1000000000000000 1000000000000000000000000000000 0 1000000000000000 100 0
D 0 err ZeroAmount 1000000000000000 1000000000000000000000000000000 0 1000000000000000
Z 1000000000000000 1000000000000000000000000000000 0 1000000000000000 100 0
D 1 ok 1000000000000000 1000000000000000000000000000000 1000000000 1000000000000000
Z 1000000000000000 1000000000000000000000000000000 0 1000000000000000 100 0
D 2 ok 1000000000000000 1000000000000000000000000000000 2000000000 1000000000000000
Z 1000000000000000 1000000000000000000000000000000 0 1000000000000000 100 0
D 18446744073709551614 ok 1018446744073709 1018446744073709000000000000000 551614000000000 1000000000000000
Z 1000000000000000 1000000000000000000000000000000 0 1000000000000000 100 0
D 18446744073709551615 ok 1018446744073709 1018446744073709000000000000000 551615000000000 1000000000000000
Z 1000000000000000 1000000000000000000000000000000 0 1000000000000000 100 0
M 1 1003999 err Slippage 1000000000000000 1000000000000000000000000000000 0 1000000000000000
Z 1000000000000000 1000000000000000000000000000000 0 1000000000000000 100 0
M 1 1004000 ok 1004000 2000 2000 1000000000000000 1000000000000001000000000000000 0 1000000000000001
Z 1000000000000000 1000000000000000000000000000000 0 1000000000000000 100 0
M 1 1004001 ok 1004000 2000 2000 1000000000000000 1000000000000001000000000000000 0 1000000000000001
Z 1000000000000000 1000000000000000000000000000000 0 1000000000000000 100 0
R 1 986039 ok 986040 1980 1980 1000000000000000 999999999999999000000000000000 10000000000000 999999999999999
Z 1000000000000000 1000000000000000000000000000000 0 1000000000000000 100 0
R 1 986040 ok 986040 1980 1980 1000000000000000 999999999999999000000000000000 10000000000000 999999999999999
Z 1000000000000000 1000000000000000000000000000000 0 1000000000000000 100 0
R 1 986041 err Slippage 1000000000000000 1000000000000000000000000000000 0 1000000000000000
Z 1000000000000000 1000000000000000000000000000000 0 1000000000000000 100 0
M 7 7027999 err Slippage 1000000000000000 1000000000000000000000000000000 0 1000000000000000
Z 1000000000000000 1000000000000000000000000000000 0 1000000000000000 100 0
M 7 7028000 ok 7028000 14000 14000 1000000000000000 1000000000000007000000000000000 0 1000000000000007
Z 1000000000000000 1000000000000000000000000000000 0 1000000000000000 100 0
M 7 7028001 ok 7028000 14000 14000 1000000000000000 1000000000000007000000000000000 0 1000000000000007
Z 1000000000000000 1000000000000000000000000000000 0 1000000000000000 100 0
R 7 6902279 ok 6902280 13860 13860 1000000000000000 999999999999993000000000000000 70000000000000 999999999999993
Z 1000000000000000 1000000000000000000000000000000 0 1000000000000000 100 0
R 7 6902280 ok 6902280 13860 13860 1000000000000000 999999999999993000000000000000 70000000000000 999999999999993
Z 1000000000000000 1000000000000000000000000000000 0 1000000000000000 100 0
R 7 6902281 err Slippage 1000000000000000 1000000000000000000000000000000 0 1000000000000000
Z 1000000000000000 1000000000000000000000000000000 0 1000000000000000 1000 1000
M 0 18446744073709551615 err ZeroAmount 1000000000000000 1000000000000000000000000000000 0 1000000000000000
Z 1000000000000000 1000000000000000000000000000000 0 1000000000000000 1000 1000
R 0 0 err ZeroAmount 1000000000000000 1000000000000000000000000000000 0 1000000000000000
Z 1000000000000000 1000000000000000000000000000000 0 1000000000000000 1000 1000
M 1 18446744073709551615 ok 1104000 2000 2000 1000000000000000 1000000000000001000000000000000 100000000000000 1000000000000001
Z 1000000000000000 1000000000000000000000000000000 0 1000000000000000 1000 1000
R 1 0 ok 896400 1800 1800 1000000000000000 999999999999999000000000000000 100000000000000 999999999999999
Z 1000000000000000 1000000000000000000000000000000 0 1000000000000000 1000 1000
M 2 18446744073709551615 ok 2208000 4000 4000 1000000000000000 1000000000000002000000000000000 200000000000000 1000000000000002
Z 1000000000000000 1000000000000000000000000000000 0 1000000000000000 1000 1000
R 2 0 ok 1792800 3600 3600 1000000000000000 999999999999998000000000000000 200000000000000 999999999999998
Z 1000000000000000 1000000000000000000000000000000 0 1000000000000000 1000 1000
M 999999999999999 18446744073709551615 err Overflow|Slippage 1000000000000000 1000000000000000000000000000000 0 1000000000000000
Z 1000000000000000 1000000000000000000000000000000 0 1000000000000000 1000 1000
R 999999999999999 0 err Overflow 1000000000000000 1000000000000000000000000000000 0 1000000000000000
Z 1000000000000000 1000000000000000000000000000000 0 1000000000000000 1000 1000
M 1000000000000000 18446744073709551615 err Overflow|Slippage 1000000000000000 1000000000000000000000000000000 0 1000000000000000
Z 1000000000000000 1000000000000000000000000000000 0 1000000000000000 1000 1000
R 1000000000000000 0 err Overflow 1000000000000000 1000000000000000000000000000000 0 1000000000000000
Z 1000000000000000 1000000000000000000000000000000 0 1000000000000000 1000 1000
M 1000000000000001 18446744073709551615 err Overflow|Slippage 1000000000000000 1000000000000000000000000000000 0 1000000000000000
Z 1000000000000000 1000000000000000000000000000000 0 1000000000000000 1000 1000
R 1000000000000001 0 err ExceedsSupply 1000000000000000 1000000000000000000000000000000 0 1000000000000000
Z 1000000000000000 1000000000000000000000000000000 0 1000000000000000 1000 1000
M 18446744073709551614 18446744073709551615 err Overflow|Slippage 1000000000000000 1000000000000000000000000000000 0 1000000000000000
Z 1000000000000000 1000000000000000000000000000000 0 1000000000000000 1000 1000
R 18446744073709551614 0 err ExceedsSupply 1000000000000000 1000000000000000000000000000000 0 1000000000000000
Z 1000000000000000 1000000000000000000000000000000 0 1000000000000000 1000 1000
M 18446744073709551615 18446744073709551615 err Overflow|Slippage 1000000000000000 1000000000000000000000000000000 0 1000000000000000
Z 1000000000000000 1000000000000000000000000000000 0 1000000000000000 1000 1000
R 18446744073709551615 0 err ExceedsSupply 1000000000000000 1000000000000000000000000000000 0 1000000000000000
Z 1000000000000000 1000000000000000000000000000000 0 1000000000000000 1000 1000
D 0 err ZeroAmount 1000000000000000 1000000000000000000000000000000 0 1000000000000000
Z 1000000000000000 1000000000000000000000000000000 0 1000000000000000 1000 1000
D 1 ok 1000000000000000 1000000000000000000000000000000 1000000000 1000000000000000
Z 1000000000000000 1000000000000000000000000000000 0 1000000000000000 1000 1000
D 2 ok 1000000000000000 1000000000000000000000000000000 2000000000 1000000000000000
Z 1000000000000000 1000000000000000000000000000000 0 1000000000000000 1000 1000
D 18446744073709551614 ok 1018446744073709 1018446744073709000000000000000 551614000000000 1000000000000000
Z 1000000000000000 1000000000000000000000000000000 0 1000000000000000 1000 1000
D 18446744073709551615 ok 1018446744073709 1018446744073709000000000000000 551615000000000 1000000000000000
Z 1000000000000000 1000000000000000000000000000000 0 1000000000000000 1000 1000
M 1 1103999 err Slippage 1000000000000000 1000000000000000000000000000000 0 1000000000000000
Z 1000000000000000 1000000000000000000000000000000 0 1000000000000000 1000 1000
M 1 1104000 ok 1104000 2000 2000 1000000000000000 1000000000000001000000000000000 100000000000000 1000000000000001
Z 1000000000000000 1000000000000000000000000000000 0 1000000000000000 1000 1000
M 1 1104001 ok 1104000 2000 2000 1000000000000000 1000000000000001000000000000000 100000000000000 1000000000000001
Z 1000000000000000 1000000000000000000000000000000 0 1000000000000000 1000 1000
R 1 896399 ok 896400 1800 1800 1000000000000000 999999999999999000000000000000 100000000000000 999999999999999
Z 1000000000000000 1000000000000000000000000000000 0 1000000000000000 1000 1000
R 1 896400 ok 896400 1800 1800 1000000000000000 999999999999999000000000000000 100000000000000 999999999999999
Z 1000000000000000 1000000000000000000000000000000 0 1000000000000000 1000 1000
R 1 896401 err Slippage 1000000000000000 1000000000000000000000000000000 0 1000000000000000
Z 1000000000000000 1000000000000000000000000000000 0 1000000000000000 1000 1000
M 7 7727999 err Slippage 1000000000000000 1000000000000000000000000000000 0 1000000000000000
Z 1000000000000000 1000000000000000000000000000000 0 1000000000000000 1000 1000
M 7 7728000 ok 7728000 14000 14000 1000000000000000 1000000000000007000000000000000 700000000000000 1000000000000007
Z 1000000000000000 1000000000000000000000000000000 0 1000000000000000 1000 1000
M 7 7728001 ok 7728000 14000 14000 1000000000000000 1000000000000007000000000000000 700000000000000 1000000000000007
Z 1000000000000000 1000000000000000000000000000000 0 1000000000000000 1000 1000
R 7 6274799 ok 6274800 12600 12600 1000000000000000 999999999999993000000000000000 700000000000000 999999999999993
Z 1000000000000000 1000000000000000000000000000000 0 1000000000000000 1000 1000
R 7 6274800 ok 6274800 12600 12600 1000000000000000 999999999999993000000000000000 700000000000000 999999999999993
Z 1000000000000000 1000000000000000000000000000000 0 1000000000000000 1000 1000
R 7 6274801 err Slippage 1000000000000000 1000000000000000000000000000000 0 1000000000000000
Z 1000000000000000 1000000000000000000000000000000 0 1000000000000000 200 100
M 0 18446744073709551615 err ZeroAmount 1000000000000000 1000000000000000000000000000000 0 1000000000000000
Z 1000000000000000 1000000000000000000000000000000 0 1000000000000000 200 100
R 0 0 err ZeroAmount 1000000000000000 1000000000000000000000000000000 0 1000000000000000
Z 1000000000000000 1000000000000000000000000000000 0 1000000000000000 200 100
M 1 18446744073709551615 ok 1014000 2000 2000 1000000000000000 1000000000000001000000000000000 10000000000000 1000000000000001
Z 1000000000000000 1000000000000000000000000000000 0 1000000000000000 200 100
R 1 0 ok 976080 1960 1960 1000000000000000 999999999999999000000000000000 20000000000000 999999999999999
Z 1000000000000000 1000000000000000000000000000000 0 1000000000000000 200 100
M 2 18446744073709551615 ok 2028000 4000 4000 1000000000000000 1000000000000002000000000000000 20000000000000 1000000000000002
Z 1000000000000000 1000000000000000000000000000000 0 1000000000000000 200 100
R 2 0 ok 1952160 3920 3920 1000000000000000 999999999999998000000000000000 40000000000000 999999999999998
Z 1000000000000000 1000000000000000000000000000000 0 1000000000000000 200 100
M 999999999999999 18446744073709551615 err Overflow|Slippage 1000000000000000 1000000000000000000000000000000 0 1000000000000000
Z 1000000000000000 1000000000000000000000000000000 0 1000000000000000 200 100
R 999999999999999 0 err Overflow 1000000000000000 1000000000000000000000000000000 0 1000000000000000
Z 1000000000000000 1000000000000000000000000000000 0 1000000000000000 200 100
M 1000000000000000 18446744073709551615 err Overflow|Slippage 1000000000000000 1000000000000000000000000000000 0 1000000000000000
Z 1000000000000000 1000000000000000000000000000000 0 1000000000000000 200 100
R 1000000000000000 0 err Overflow 1000000000000000 1000000000000000000000000000000 0 1000000000000000
Z 1000000000000000 1000000000000000000000000000000 0 1000000000000000 200 100
M 1000000000000001 18446744073709551615 err Overflow|Slippage 1000000000000000 1000000000000000000000000000000 0 1000000000000000
Z 1000000000000000 1000000000000000000000000000000 0 1000000000000000 200 100
R 1000000000000001 0 err ExceedsSupply 1000000000000000 1000000000000000000000000000000 0 1000000000000000
Z 1000000000000000 1000000000000000000000000000000 0 1000000000000000 200 100
M 18446744073709551614 18446744073709551615 err Overflow|Slippage 1000000000000000 1000000000000000000000000000000 0 1000000000000000
Z 1000000000000000 1000000000000000000000000000000 0 1000000000000000 200 100
R 18446744073709551614 0 err ExceedsSupply 1000000000000000 1000000000000000000000000000000 0 1000000000000000
Z 1000000000000000 1000000000000000000000000000000 0 1000000000000000 200 100
M 18446744073709551615 18446744073709551615 err Overflow|Slippage 1000000000000000 1000000000000000000000000000000 0 1000000000000000
Z 1000000000000000 1000000000000000000000000000000 0 1000000000000000 200 100
R 18446744073709551615 0 err ExceedsSupply 1000000000000000 1000000000000000000000000000000 0 1000000000000000
Z 1000000000000000 1000000000000000000000000000000 0 1000000000000000 200 100
D 0 err ZeroAmount 1000000000000000 1000000000000000000000000000000 0 1000000000000000
Z 1000000000000000 1000000000000000000000000000000 0 1000000000000000 200 100
D 1 ok 1000000000000000 1000000000000000000000000000000 1000000000 1000000000000000
Z 1000000000000000 1000000000000000000000000000000 0 1000000000000000 200 100
D 2 ok 1000000000000000 1000000000000000000000000000000 2000000000 1000000000000000
Z 1000000000000000 1000000000000000000000000000000 0 1000000000000000 200 100
D 18446744073709551614 ok 1018446744073709 1018446744073709000000000000000 551614000000000 1000000000000000
Z 1000000000000000 1000000000000000000000000000000 0 1000000000000000 200 100
D 18446744073709551615 ok 1018446744073709 1018446744073709000000000000000 551615000000000 1000000000000000
Z 1000000000000000 1000000000000000000000000000000 0 1000000000000000 200 100
M 1 1013999 err Slippage 1000000000000000 1000000000000000000000000000000 0 1000000000000000
Z 1000000000000000 1000000000000000000000000000000 0 1000000000000000 200 100
M 1 1014000 ok 1014000 2000 2000 1000000000000000 1000000000000001000000000000000 10000000000000 1000000000000001
Z 1000000000000000 1000000000000000000000000000000 0 1000000000000000 200 100
M 1 1014001 ok 1014000 2000 2000 1000000000000000 1000000000000001000000000000000 10000000000000 1000000000000001
Z 1000000000000000 1000000000000000000000000000000 0 1000000000000000 200 100
R 1 976079 ok 976080 1960 1960 1000000000000000 999999999999999000000000000000 20000000000000 999999999999999
Z 1000000000000000 1000000000000000000000000000000 0 1000000000000000 200 100
R 1 976080 ok 976080 1960 1960 1000000000000000 999999999999999000000000000000 20000000000000 999999999999999
Z 1000000000000000 1000000000000000000000000000000 0 1000000000000000 200 100
R 1 976081 err Slippage 1000000000000000 1000000000000000000000000000000 0 1000000000000000
Z 1000000000000000 1000000000000000000000000000000 0 1000000000000000 200 100
M 7 7097999 err Slippage 1000000000000000 1000000000000000000000000000000 0 1000000000000000
Z 1000000000000000 1000000000000000000000000000000 0 1000000000000000 200 100
M 7 7098000 ok 7098000 14000 14000 1000000000000000 1000000000000007000000000000000 70000000000000 1000000000000007
Z 1000000000000000 1000000000000000000000000000000 0 1000000000000000 200 100
M 7 7098001 ok 7098000 14000 14000 1000000000000000 1000000000000007000000000000000 70000000000000 1000000000000007
Z 1000000000000000 1000000000000000000000000000000 0 1000000000000000 200 100
R 7 6832559 ok 6832560 13720 13720 1000000000000000 999999999999993000000000000000 140000000000000 999999999999993
Z 1000000000000000 1000000000000000000000000000000 0 1000000000000000 200 100
R 7 6832560 ok 6832560 13720 13720 1000000000000000 999999999999993000000000000000 140000000000000 999999999999993
Z 1000000000000000 1000000000000000000000000000000 0 1000000000000000 200 100
R 7 6832561 err Slippage 1000000000000000 1000000000000000000000000000000 0 1000000000000000
Z 1000000000000000 18446744073709551614000000000000000 0 18446744073709551614 100 0
M 0 18446744073709551615 err ZeroAmount 1000000000000000 18446744073709551614000000000000000 0 18446744073709551614
Z 1000000000000000 18446744073709551614000000000000000 0 18446744073709551614 100 0
R 0 0 err ZeroAmount 1000000000000000 18446744073709551614000000000000000 0 18446744073709551614
Z 1000000000000000 18446744073709551614000000000000000 0 18446744073709551614 100 0
M 1 18446744073709551615 ok 1004000 2000 2000 1000000000000000 18446744073709551615000000000000000 0 18446744073709551615
Z 1000000000000000 18446744073709551614000000000000000 0 18446744073709551614 100 0
R 1 0 ok 986040 1980 1980 1000000000000000 18446744073709551613000000000000000 10000000000000 18446744073709551613
Z 1000000000000000 18446744073709551614000000000000000 0 18446744073709551614 100 0
M 2 18446744073709551615 err Overflow 1000000000000000 18446744073709551614000000000000000 0 18446744073709551614
Z 1000000000000000 18446744073709551614000000000000000 0 18446744073709551614 100 0
R 2 0 ok 1972080 3960 3960 1000000000000000 18446744073709551612000000000000000 20000000000000 18446744073709551612
Z 1000000000000000 18446744073709551614000000000000000 0 18446744073709551614 100 0
M 18446744073709551613 18446744073709551615 err Overflow|Slippage 1000000000000000 18446744073709551614000000000000000 0 18446744073709551614
Z 1000000000000000 18446744073709551614000000000000000 0 18446744073709551614 100 0
R 18446744073709551613 0 err Overflow 1000000000000000 18446744073709551614000000000000000 0 18446744073709551614
Z 1000000000000000 18446744073709551614000000000000000 0 18446744073709551614 100 0
M 18446744073709551614 18446744073709551615 err Overflow|Slippage 1000000000000000 18446744073709551614000000000000000 0 18446744073709551614
Z 1000000000000000 18446744073709551614000000000000000 0 18446744073709551614 100 0
R 18446744073709551614 0 err Overflow 1000000000000000 18446744073709551614000000000000000 0 18446744073709551614
Z 1000000000000000 18446744073709551614000000000000000 0 18446744073709551614 100 0
M 18446744073709551615 18446744073709551615 err Overflow|Slippage 1000000000000000 18446744073709551614000000000000000 0 18446744073709551614
Z 1000000000000000 18446744073709551614000000000000000 0 18446744073709551614 100 0
R 18446744073709551615 0 err ExceedsSupply 1000000000000000 18446744073709551614000000000000000 0 18446744073709551614
Z 1000000000000000 18446744073709551614000000000000000 0 18446744073709551614 100 0
D 0 err ZeroAmount 1000000000000000 18446744073709551614000000000000000 0 18446744073709551614
Z 1000000000000000 18446744073709551614000000000000000 0 18446744073709551614 100 0
D 1 ok 1000000000000000 18446744073709551614000000000000000 1000000000 18446744073709551614
Z 1000000000000000 18446744073709551614000000000000000 0 18446744073709551614 100 0
D 2 ok 1000000000000000 18446744073709551614000000000000000 2000000000 18446744073709551614
Z 1000000000000000 18446744073709551614000000000000000 0 18446744073709551614 100 0
D 18446744073709551614 ok 1000001000000000 18446762520453625323551614000000000 0 18446744073709551614
Z 1000000000000000 18446744073709551614000000000000000 0 18446744073709551614 100 0
D 18446744073709551615 ok 1000001000000000 18446762520453625323551614000000000 1000000000 18446744073709551614
Z 1000000000000000 18446744073709551614000000000000000 0 18446744073709551614 100 0
M 1 1003999 err Slippage 1000000000000000 18446744073709551614000000000000000 0 18446744073709551614
Z 1000000000000000 18446744073709551614000000000000000 0 18446744073709551614 100 0
M 1 1004000 ok 1004000 2000 2000 1000000000000000 18446744073709551615000000000000000 0 18446744073709551615
Z 1000000000000000 18446744073709551614000000000000000 0 18446744073709551614 100 0
M 1 1004001 ok 1004000 2000 2000 1000000000000000 18446744073709551615000000000000000 0 18446744073709551615
Z 1000000000000000 18446744073709551614000000000000000 0 18446744073709551614 100 0
R 1 986039 ok 986040 1980 1980 1000000000000000 18446744073709551613000000000000000 10000000000000 18446744073709551613
Z 1000000000000000 18446744073709551614000000000000000 0 18446744073709551614 100 0
R 1 986040 ok 986040 1980 1980 1000000000000000 18446744073709551613000000000000000 10000000000000 18446744073709551613
Z 1000000000000000 18446744073709551614000000000000000 0 18446744073709551614 100 0
R 1 986041 err Slippage 1000000000000000 18446744073709551614000000000000000 0 18446744073709551614
Z 1000000000000000 18446744073709551614000000000000000 0 18446744073709551614 100 0
M 7 7027999 err Overflow|Slippage 1000000000000000 18446744073709551614000000000000000 0 18446744073709551614
Z 1000000000000000 18446744073709551614000000000000000 0 18446744073709551614 100 0
M 7 7028000 err Overflow 1000000000000000 18446744073709551614000000000000000 0 18446744073709551614
Z 1000000000000000 18446744073709551614000000000000000 0 18446744073709551614 100 0
M 7 7028001 err Overflow 1000000000000000 18446744073709551614000000000000000 0 18446744073709551614
Z 1000000000000000 18446744073709551614000000000000000 0 18446744073709551614 100 0
R 7 6902279 ok 6902280 13860 13860 1000000000000000 18446744073709551607000000000000000 70000000000000 18446744073709551607
Z 1000000000000000 18446744073709551614000000000000000 0 18446744073709551614 100 0
R 7 6902280 ok 6902280 13860 13860 1000000000000000 18446744073709551607000000000000000 70000000000000 18446744073709551607
Z 1000000000000000 18446744073709551614000000000000000 0 18446744073709551614 100 0
R 7 6902281 err Slippage 1000000000000000 18446744073709551614000000000000000 0 18446744073709551614
Z 1000000000000000 18446744073709551614000000000000000 0 18446744073709551614 1000 1000
M 0 18446744073709551615 err ZeroAmount 1000000000000000 18446744073709551614000000000000000 0 18446744073709551614
Z 1000000000000000 18446744073709551614000000000000000 0 18446744073709551614 1000 1000
R 0 0 err ZeroAmount 1000000000000000 18446744073709551614000000000000000 0 18446744073709551614
Z 1000000000000000 18446744073709551614000000000000000 0 18446744073709551614 1000 1000
M 1 18446744073709551615 ok 1104000 2000 2000 1000000000000000 18446744073709551615000000000000000 100000000000000 18446744073709551615
Z 1000000000000000 18446744073709551614000000000000000 0 18446744073709551614 1000 1000
R 1 0 ok 896400 1800 1800 1000000000000000 18446744073709551613000000000000000 100000000000000 18446744073709551613
Z 1000000000000000 18446744073709551614000000000000000 0 18446744073709551614 1000 1000
M 2 18446744073709551615 err Overflow 1000000000000000 18446744073709551614000000000000000 0 18446744073709551614
Z 1000000000000000 18446744073709551614000000000000000 0 18446744073709551614 1000 1000
R 2 0 ok 1792800 3600 3600 1000000000000000 18446744073709551612000000000000000 200000000000000 18446744073709551612
Z 1000000000000000 18446744073709551614000000000000000 0 18446744073709551614 1000 1000
M 18446744073709551613 18446744073709551615 err Overflow|Slippage 1000000000000000 18446744073709551614000000000000000 0 18446744073709551614
Z 1000000000000000 18446744073709551614000000000000000 0 18446744073709551614 1000 1000
R 18446744073709551613 0 err Overflow 1000000000000000 18446744073709551614000000000000000 0 18446744073709551614
Z 1000000000000000 18446744073709551614000000000000000 0 18446744073709551614 1000 1000
M 18446744073709551614 18446744073709551615 err Overflow|Slippage 1000000000000000 18446744073709551614000000000000000 0 18446744073709551614
Z 1000000000000000 18446744073709551614000000000000000 0 18446744073709551614 1000 1000
R 18446744073709551614 0 err Overflow 1000000000000000 18446744073709551614000000000000000 0 18446744073709551614
Z 1000000000000000 18446744073709551614000000000000000 0 18446744073709551614 1000 1000
M 18446744073709551615 18446744073709551615 err Overflow|Slippage 1000000000000000 18446744073709551614000000000000000 0 18446744073709551614
Z 1000000000000000 18446744073709551614000000000000000 0 18446744073709551614 1000 1000
R 18446744073709551615 0 err ExceedsSupply 1000000000000000 18446744073709551614000000000000000 0 18446744073709551614
Z 1000000000000000 18446744073709551614000000000000000 0 18446744073709551614 1000 1000
D 0 err ZeroAmount 1000000000000000 18446744073709551614000000000000000 0 18446744073709551614
Z 1000000000000000 18446744073709551614000000000000000 0 18446744073709551614 1000 1000
D 1 ok 1000000000000000 18446744073709551614000000000000000 1000000000 18446744073709551614
Z 1000000000000000 18446744073709551614000000000000000 0 18446744073709551614 1000 1000
D 2 ok 1000000000000000 18446744073709551614000000000000000 2000000000 18446744073709551614
Z 1000000000000000 18446744073709551614000000000000000 0 18446744073709551614 1000 1000
D 18446744073709551614 ok 1000001000000000 18446762520453625323551614000000000 0 18446744073709551614
Z 1000000000000000 18446744073709551614000000000000000 0 18446744073709551614 1000 1000
D 18446744073709551615 ok 1000001000000000 18446762520453625323551614000000000 1000000000 18446744073709551614
Z 1000000000000000 18446744073709551614000000000000000 0 18446744073709551614 1000 1000
M 1 1103999 err Slippage 1000000000000000 18446744073709551614000000000000000 0 18446744073709551614
Z 1000000000000000 18446744073709551614000000000000000 0 18446744073709551614 1000 1000
M 1 1104000 ok 1104000 2000 2000 1000000000000000 18446744073709551615000000000000000 100000000000000 18446744073709551615
Z 1000000000000000 18446744073709551614000000000000000 0 18446744073709551614 1000 1000
M 1 1104001 ok 1104000 2000 2000 1000000000000000 18446744073709551615000000000000000 100000000000000 18446744073709551615
Z 1000000000000000 18446744073709551614000000000000000 0 18446744073709551614 1000 1000
R 1 896399 ok 896400 1800 1800 1000000000000000 18446744073709551613000000000000000 100000000000000 18446744073709551613
Z 1000000000000000 18446744073709551614000000000000000 0 18446744073709551614 1000 1000
R 1 896400 ok 896400 1800 1800 1000000000000000 18446744073709551613000000000000000 100000000000000 18446744073709551613
Z 1000000000000000 18446744073709551614000000000000000 0 18446744073709551614 1000 1000
R 1 896401 err Slippage 1000000000000000 18446744073709551614000000000000000 0 18446744073709551614
Z 1000000000000000 18446744073709551614000000000000000 0 18446744073709551614 1000 1000
M 7 7727999 err Overflow|Slippage 1000000000000000 18446744073709551614000000000000000 0 18446744073709551614
Z 1000000000000000 18446744073709551614000000000000000 0 18446744073709551614 1000 1000
M 7 7728000 err Overflow 1000000000000000 18446744073709551614000000000000000 0 18446744073709551614
Z 1000000000000000 18446744073709551614000000000000000 0 18446744073709551614 1000 1000
M 7 7728001 err Overflow 1000000000000000 18446744073709551614000000000000000 0 18446744073709551614
Z 1000000000000000 18446744073709551614000000000000000 0 18446744073709551614 1000 1000
R 7 6274799 ok 6274800 12600 12600 1000000000000000 18446744073709551607000000000000000 700000000000000 18446744073709551607
Z 1000000000000000 18446744073709551614000000000000000 0 18446744073709551614 1000 1000
R 7 6274800 ok 6274800 12600 12600 1000000000000000 18446744073709551607000000000000000 700000000000000 18446744073709551607
Z 1000000000000000 18446744073709551614000000000000000 0 18446744073709551614 1000 1000
R 7 6274801 err Slippage 1000000000000000 18446744073709551614000000000000000 0 18446744073709551614
Z 1000000000000000 18446744073709551614000000000000000 0 18446744073709551614 200 100
M 0 18446744073709551615 err ZeroAmount 1000000000000000 18446744073709551614000000000000000 0 18446744073709551614
Z 1000000000000000 18446744073709551614000000000000000 0 18446744073709551614 200 100
R 0 0 err ZeroAmount 1000000000000000 18446744073709551614000000000000000 0 18446744073709551614
Z 1000000000000000 18446744073709551614000000000000000 0 18446744073709551614 200 100
M 1 18446744073709551615 ok 1014000 2000 2000 1000000000000000 18446744073709551615000000000000000 10000000000000 18446744073709551615
Z 1000000000000000 18446744073709551614000000000000000 0 18446744073709551614 200 100
R 1 0 ok 976080 1960 1960 1000000000000000 18446744073709551613000000000000000 20000000000000 18446744073709551613
Z 1000000000000000 18446744073709551614000000000000000 0 18446744073709551614 200 100
M 2 18446744073709551615 err Overflow 1000000000000000 18446744073709551614000000000000000 0 18446744073709551614
Z 1000000000000000 18446744073709551614000000000000000 0 18446744073709551614 200 100
R 2 0 ok 1952160 3920 3920 1000000000000000 18446744073709551612000000000000000 40000000000000 18446744073709551612
Z 1000000000000000 18446744073709551614000000000000000 0 18446744073709551614 200 100
M 18446744073709551613 18446744073709551615 err Overflow|Slippage 1000000000000000 18446744073709551614000000000000000 0 18446744073709551614
Z 1000000000000000 18446744073709551614000000000000000 0 18446744073709551614 200 100
R 18446744073709551613 0 err Overflow 1000000000000000 18446744073709551614000000000000000 0 18446744073709551614
Z 1000000000000000 18446744073709551614000000000000000 0 18446744073709551614 200 100
M 18446744073709551614 18446744073709551615 err Overflow|Slippage 1000000000000000 18446744073709551614000000000000000 0 18446744073709551614
Z 1000000000000000 18446744073709551614000000000000000 0 18446744073709551614 200 100
R 18446744073709551614 0 err Overflow 1000000000000000 18446744073709551614000000000000000 0 18446744073709551614
Z 1000000000000000 18446744073709551614000000000000000 0 18446744073709551614 200 100
M 18446744073709551615 18446744073709551615 err Overflow|Slippage 1000000000000000 18446744073709551614000000000000000 0 18446744073709551614
Z 1000000000000000 18446744073709551614000000000000000 0 18446744073709551614 200 100
R 18446744073709551615 0 err ExceedsSupply 1000000000000000 18446744073709551614000000000000000 0 18446744073709551614
Z 1000000000000000 18446744073709551614000000000000000 0 18446744073709551614 200 100
D 0 err ZeroAmount 1000000000000000 18446744073709551614000000000000000 0 18446744073709551614
Z 1000000000000000 18446744073709551614000000000000000 0 18446744073709551614 200 100
D 1 ok 1000000000000000 18446744073709551614000000000000000 1000000000 18446744073709551614
Z 1000000000000000 18446744073709551614000000000000000 0 18446744073709551614 200 100
D 2 ok 1000000000000000 18446744073709551614000000000000000 2000000000 18446744073709551614
Z 1000000000000000 18446744073709551614000000000000000 0 18446744073709551614 200 100
D 18446744073709551614 ok 1000001000000000 18446762520453625323551614000000000 0 18446744073709551614
Z 1000000000000000 18446744073709551614000000000000000 0 18446744073709551614 200 100
D 18446744073709551615 ok 1000001000000000 18446762520453625323551614000000000 1000000000 18446744073709551614
Z 1000000000000000 18446744073709551614000000000000000 0 18446744073709551614 200 100
M 1 1013999 err Slippage 1000000000000000 18446744073709551614000000000000000 0 18446744073709551614
Z 1000000000000000 18446744073709551614000000000000000 0 18446744073709551614 200 100
M 1 1014000 ok 1014000 2000 2000 1000000000000000 18446744073709551615000000000000000 10000000000000 18446744073709551615
Z 1000000000000000 18446744073709551614000000000000000 0 18446744073709551614 200 100
M 1 1014001 ok 1014000 2000 2000 1000000000000000 18446744073709551615000000000000000 10000000000000 18446744073709551615
Z 1000000000000000 18446744073709551614000000000000000 0 18446744073709551614 200 100
R 1 976079 ok 976080 1960 1960 1000000000000000 18446744073709551613000000000000000 20000000000000 18446744073709551613
Z 1000000000000000 18446744073709551614000000000000000 0 18446744073709551614 200 100
R 1 976080 ok 976080 1960 1960 1000000000000000 18446744073709551613000000000000000 20000000000000 18446744073709551613
Z 1000000000000000 18446744073709551614000000000000000 0 18446744073709551614 200 100
R 1 976081 err Slippage 1000000000000000 18446744073709551614000000000000000 0 18446744073709551614
Z 1000000000000000 18446744073709551614000000000000000 0 18446744073709551614 200 100
M 7 7097999 err Overflow|Slippage 1000000000000000 18446744073709551614000000000000000 0 18446744073709551614
Z 1000000000000000 18446744073709551614000000000000000 0 18446744073709551614 200 100
M 7 7098000 err Overflow 1000000000000000 18446744073709551614000000000000000 0 18446744073709551614
Z 1000000000000000 18446744073709551614000000000000000 0 18446744073709551614 200 100
M 7 7098001 err Overflow 1000000000000000 18446744073709551614000000000000000 0 18446744073709551614
Z 1000000000000000 18446744073709551614000000000000000 0 18446744073709551614 200 100
R 7 6832559 ok 6832560 13720 13720 1000000000000000 18446744073709551607000000000000000 140000000000000 18446744073709551607
Z 1000000000000000 18446744073709551614000000000000000 0 18446744073709551614 200 100
R 7 6832560 ok 6832560 13720 13720 1000000000000000 18446744073709551607000000000000000 140000000000000 18446744073709551607
Z 1000000000000000 18446744073709551614000000000000000 0 18446744073709551614 200 100
R 7 6832561 err Slippage 1000000000000000 18446744073709551614000000000000000 0 18446744073709551614
Z 100000000000000000000 0 0 0 100 0
M 0 18446744073709551615 err ZeroAmount 100000000000000000000 0 0 0
Z 100000000000000000000 0 0 0 100 0
R 0 0 err ZeroAmount 100000000000000000000 0 0 0
Z 100000000000000000000 0 0 0 100 0
M 1 18446744073709551615 ok 100400000000 200000000 200000000 100000000000000000000 100000000000000000000 0 1
Z 100000000000000000000 0 0 0 100 0
R 1 0 err ExceedsSupply 100000000000000000000 0 0 0
Z 100000000000000000000 0 0 0 100 0
M 2 18446744073709551615 ok 200800000000 400000000 400000000 100000000000000000000 200000000000000000000 0 2
Z 100000000000000000000 0 0 0 100 0
R 2 0 err ExceedsSupply 100000000000000000000 0 0 0
Z 100000000000000000000 0 0 0 100 0
M 18446744073709551614 18446744073709551615 err Overflow|Slippage 100000000000000000000 0 0 0
Z 100000000000000000000 0 0 0 100 0
R 18446744073709551614 0 err ExceedsSupply 100000000000000000000 0 0 0
Z 100000000000000000000 0 0 0 100 0
M 18446744073709551615 18446744073709551615 err Overflow|Slippage 100000000000000000000 0 0 0
Z 100000000000000000000 0 0 0 100 0
R 18446744073709551615 0 err ExceedsSupply 100000000000000000000 0 0 0
Z 100000000000000000000 0 0 0 100 0
D 0 err ZeroAmount 100000000000000000000 0 0 0
Z 100000000000000000000 0 0 0 100 0
D 1 err NoHolders 100000000000000000000 0 0 0
Z 100000000000000000000 0 0 0 100 0
D 2 err NoHolders 100000000000000000000 0 0 0
Z 100000000000000000000 0 0 0 100 0
D 18446744073709551614 err NoHolders 100000000000000000000 0 0 0
Z 100000000000000000000 0 0 0 100 0
D 18446744073709551615 err NoHolders 100000000000000000000 0 0 0
Z 100000000000000000000 0 0 0 100 0
M 1 100399999999 err Slippage 100000000000000000000 0 0 0
Z 100000000000000000000 0 0 0 100 0
M 1 100400000000 ok 100400000000 200000000 200000000 100000000000000000000 100000000000000000000 0 1
Z 100000000000000000000 0 0 0 100 0
M 1 100400000001 ok 100400000000 200000000 200000000 100000000000000000000 100000000000000000000 0 1
Z 100000000000000000000 0 0 0 100 0
M 7 702799999999 err Slippage 100000000000000000000 0 0 0
Z 100000000000000000000 0 0 0 100 0
M 7 702800000000 ok 702800000000 1400000000 1400000000 100000000000000000000 700000000000000000000 0 7
Z 100000000000000000000 0 0 0 100 0
M 7 702800000001 ok 702800000000 1400000000 1400000000 100000000000000000000 700000000000000000000 0 7
Z 100000000000000000000 0 0 0 1000 1000
M 0 18446744073709551615 err ZeroAmount 100000000000000000000 0 0 0
Z 100000000000000000000 0 0 0 1000 1000
R 0 0 err ZeroAmount 100000000000000000000 0 0 0
Z 100000000000000000000 0 0 0 1000 1000
M 1 18446744073709551615 ok 100400000000 200000000 200000000 100000000000000000000 100000000000000000000 0 1
Z 100000000000000000000 0 0 0 1000 1000
R 1 0 err ExceedsSupply 100000000000000000000 0 0 0
Z 100000000000000000000 0 0 0 1000 1000
M 2 18446744073709551615 ok 200800000000 400000000 400000000 100000000000000000000 200000000000000000000 0 2
Z 100000000000000000000 0 0 0 1000 1000
R 2 0 err ExceedsSupply 100000000000000000000 0 0 0
Z 100000000000000000000 0 0 0 1000 1000
M 18446744073709551614 18446744073709551615 err Overflow|Slippage 100000000000000000000 0 0 0
Z 100000000000000000000 0 0 0 1000 1000
R 18446744073709551614 0 err ExceedsSupply 100000000000000000000 0 0 0
Z 100000000000000000000 0 0 0 1000 1000
M 18446744073709551615 18446744073709551615 err Overflow|Slippage 100000000000000000000 0 0 0
Z 100000000000000000000 0 0 0 1000 1000
R 18446744073709551615 0 err ExceedsSupply 100000000000000000000 0 0 0
Z 100000000000000000000 0 0 0 1000 1000
D 0 err ZeroAmount 100000000000000000000 0 0 0
Z 100000000000000000000 0 0 0 1000 1000
D 1 err NoHolders 100000000000000000000 0 0 0
Z 100000000000000000000 0 0 0 1000 1000
D 2 err NoHolders 100000000000000000000 0 0 0
Z 100000000000000000000 0 0 0 1000 1000
D 18446744073709551614 err NoHolders 100000000000000000000 0 0 0
Z 100000000000000000000 0 0 0 1000 1000
D 18446744073709551615 err NoHolders 100000000000000000000 0 0 0
Z 100000000000000000000 0 0 0 1000 1000
M 1 100399999999 err Slippage 100000000000000000000 0 0 0
Z 100000000000000000000 0 0 0 1000 1000
M 1 100400000000 ok 100400000000 200000000 200000000 100000000000000000000 100000000000000000000 0 1
Z 100000000000000000000 0 0 0 1000 1000
M 1 100400000001 ok 100400000000 200000000 200000000 100000000000000000000 100000000000000000000 0 1
Z 100000000000000000000 0 0 0 1000 1000
M 7 702799999999 err Slippage 100000000000000000000 0 0 0
Z 100000000000000000000 0 0 0 1000 1000
M 7 702800000000 ok 702800000000 1400000000 1400000000 100000000000000000000 700000000000000000000 0 7
Z 100000000000000000000 0 0 0 1000 1000
M 7 702800000001 ok 702800000000 1400000000 1400000000 100000000000000000000 700000000000000000000 0 7
Z 100000000000000000000 0 0 0 200 100
M 0 18446744073709551615 err ZeroAmount 100000000000000000000 0 0 0
Z 100000000000000000000 0 0 0 200 100
R 0 0 err ZeroAmount 100000000000000000000 0 0 0
Z 100000000000000000000 0 0 0 200 100
M 1 18446744073709551615 ok 100400000000 200000000 200000000 100000000000000000000 100000000000000000000 0 1
Z 100000000000000000000 0 0 0 200 100
R 1 0 err ExceedsSupply 100000000000000000000 0 0 0
Z 100000000000000000000 0 0 0 200 100
M 2 18446744073709551615 ok 200800000000 400000000 400000000 100000000000000000000 200000000000000000000 0 2
Z 100000000000000000000 0 0 0 200 100
R 2 0 err ExceedsSupply 100000000000000000000 0 0 0
Z 100000000000000000000 0 0 0 200 100
M 18446744073709551614 18446744073709551615 err Overflow|Slippage 100000000000000000000 0 0 0
Z 100000000000000000000 0 0 0 200 100
R 18446744073709551614 0 err ExceedsSupply 100000000000000000000 0 0 0
Z 100000000000000000000 0 0 0 200 100
M 18446744073709551615 18446744073709551615 err Overflow|Slippage 100000000000000000000 0 0 0
Z 100000000000000000000 0 0 0 200 100
R 18446744073709551615 0 err ExceedsSupply 100000000000000000000 0 0 0
Z 100000000000000000000 0 0 0 200 100
D 0 err ZeroAmount 100000000000000000000 0 0 0
Z 100000000000000000000 0 0 0 200 100
D 1 err NoHolders 100000000000000000000 0 0 0
Z 100000000000000000000 0 0 0 200 100
D 2 err NoHolders 100000000000000000000 0 0 0
Z 100000000000000000000 0 0 0 200 100
D 18446744073709551614 err NoHolders 100000000000000000000 0 0 0
Z 100000000000000000000 0 0 0 200 100
D 18446744073709551615 err NoHolders 100000000000000000000 0 0 0
Z 100000000000000000000 0 0 0 200 100
M 1 100399999999 err Slippage 100000000000000000000 0 0 0
Z 100000000000000000000 0 0 0 200 100
M 1 100400000000 ok 100400000000 200000000 200000000 100000000000000000000 100000000000000000000 0 1
Z 100000000000000000000 0 0 0 200 100
M 1 100400000001 ok 100400000000 200000000 200000000 100000000000000000000 100000000000000000000 0 1
Z 100000000000000000000 0 0 0 200 100
M 7 702799999999 err Slippage 100000000000000000000 0 0 0
Z 100000000000000000000 0 0 0 200 100
M 7 702800000000 ok 702800000000 1400000000 1400000000 100000000000000000000 700000000000000000000 0 7
Z 100000000000000000000 0 0 0 200 100
M 7 702800000001 ok 702800000000 1400000000 1400000000 100000000000000000000 700000000000000000000 0 7
Z 100000000000000000000 100000000000000000000 0 1 100 0
M 0 18446744073709551615 err ZeroAmount 100000000000000000000 100000000000000000000 0 1
Z 100000000000000000000 100000000000000000000 0 1 100 0
R 0 0 err ZeroAmount 100000000000000000000 100000000000000000000 0 1
Z 100000000000000000000 100000000000000000000 0 1 100 0
M 1 18446744073709551615 ok 100400000000 200000000 200000000 100000000000000000000 200000000000000000000 0 2
Z 100000000000000000000 100000000000000000000 0 1 100 0
R 1 0 ok 98604000000 198000000 198000000 100000000000000000000 0 0 0
Z 100000000000000000000 100000000000000000000 0 1 100 0
M 2 18446744073709551615 ok 200800000000 400000000 400000000 100000000000000000000 300000000000000000000 0 3
Z 100000000000000000000 100000000000000000000 0 1 100 0
R 2 0 err ExceedsSupply 100000000000000000000 100000000000000000000 0 1
Z 100000000000000000000 100000000000000000000 0 1 100 0
M 18446744073709551614 18446744073709551615 err Overflow|Slippage 100000000000000000000 100000000000000000000 0 1
Z 100000000000000000000 100000000000000000000 0 1 100 0
R 18446744073709551614 0 err ExceedsSupply 100000000000000000000 100000000000000000000 0 1
Z 100000000000000000000 100000000000000000000 0 1 100 0
M 18446744073709551615 18446744073709551615 err Overflow|Slippage 100000000000000000000 100000000000000000000 0 1
Z 100000000000000000000 100000000000000000000 0 1 100 0
R 18446744073709551615 0 err ExceedsSupply 100000000000000000000 100000000000000000000 0 1
Z 100000000000000000000 100000000000000000000 0 1 100 0
D 0 err ZeroAmount 100000000000000000000 100000000000000000000 0 1
Z 100000000000000000000 100000000000000000000 0 1 100 0
D 1 ok 100000000001000000000 100000000001000000000 0 1
Z 100000000000000000000 100000000000000000000 0 1 100 0
D 2 ok 100000000002000000000 100000000002000000000 0 1
Z 100000000000000000000 100000000000000000000 0 1 100 0
D 18446744073709551614 ok 18446744173709551614000000000 18446744173709551614000000000 0 1
Z 100000000000000000000 100000000000000000000 0 1 100 0
D 18446744073709551615 ok 18446744173709551615000000000 18446744173709551615000000000 0 1
Z 100000000000000000000 100000000000000000000 0 1 100 0
M 1 100399999999 err Slippage 100000000000000000000 100000000000000000000 0 1
Z 100000000000000000000 100000000000000000000 0 1 100 0
M 1 100400000000 ok 100400000000 200000000 200000000 100000000000000000000 200000000000000000000 0 2
Z 100000000000000000000 100000000000000000000 0 1 100 0
M 1 100400000001 ok 100400000000 200000000 200000000 100000000000000000000 200000000000000000000 0 2
Z 100000000000000000000 100000000000000000000 0 1 100 0
R 1 98603999999 ok 98604000000 198000000 198000000 100000000000000000000 0 0 0
Z 100000000000000000000 100000000000000000000 0 1 100 0
R 1 98604000000 ok 98604000000 198000000 198000000 100000000000000000000 0 0 0
Z 100000000000000000000 100000000000000000000 0 1 100 0
R 1 98604000001 err Slippage 100000000000000000000 100000000000000000000 0 1
Z 100000000000000000000 100000000000000000000 0 1 100 0
M 7 702799999999 err Slippage 100000000000000000000 100000000000000000000 0 1
Z 100000000000000000000 100000000000000000000 0 1 100 0
M 7 702800000000 ok 702800000000 1400000000 1400000000 100000000000000000000 800000000000000000000 0 8
Z 100000000000000000000 100000000000000000000 0 1 100 0
M 7 702800000001 ok 702800000000 1400000000 1400000000 100000000000000000000 800000000000000000000 0 8
Z 100000000000000000000 100000000000000000000 0 1 1000 1000
M 0 18446744073709551615 err ZeroAmount 100000000000000000000 100000000000000000000 0 1
Z 100000000000000000000 100000000000000000000 0 1 1000 1000
R 0 0 err ZeroAmount 100000000000000000000 100000000000000000000 0 1
Z 100000000000000000000 100000000000000000000 0 1 1000 1000
M 1 18446744073709551615 ok 120440000000 220000000 220000000 110000000000000000000 220000000000000000000 0 2
Z 100000000000000000000 100000000000000000000 0 1 1000 1000
R 1 0 ok 89640000000 180000000 180000000 100000000000000000000 0 0 0
Z 100000000000000000000 100000000000000000000 0 1 1000 1000
M 2 18446744073709551615 ok 260960000000 480000000 480000000 120000000000000000000 360000000000000000000 0 3
Z 100000000000000000000 100000000000000000000 0 1 1000 1000
R 2 0 err ExceedsSupply 100000000000000000000 100000000000000000000 0 1
Z 100000000000000000000 100000000000000000000 0 1 1000 1000
M 18446744073709551614 18446744073709551615 err Overflow|Slippage 100000000000000000000 100000000000000000000 0 1
Z 100000000000000000000 100000000000000000000 0 1 1000 1000
R 18446744073709551614 0 err ExceedsSupply 100000000000000000000 100000000000000000000 0 1
Z 100000000000000000000 100000000000000000000 0 1 1000 1000
M 18446744073709551615 18446744073709551615 err Overflow|Slippage 100000000000000000000 100000000000000000000 0 1
Z 100000000000000000000 100000000000000000000 0 1 1000 1000
R 18446744073709551615 0 err ExceedsSupply 100000000000000000000 100000000000000000000 0 1
Z 100000000000000000000 100000000000000000000 0 1 1000 1000
D 0 err ZeroAmount 100000000000000000000 100000000000000000000 0 1
Z 100000000000000000000 100000000000000000000 0 1 1000 1000
D 1 ok 100000000001000000000 100000000001000000000 0 1
Z 100000000000000000000 100000000000000000000 0 1 1000 1000
D 2 ok 100000000002000000000 100000000002000000000 0 1
Z 100000000000000000000 100000000000000000000 0 1 1000 1000
D 18446744073709551614 ok 18446744173709551614000000000 18446744173709551614000000000 0 1
Z 100000000000000000000 100000000000000000000 0 1 1000 1000
D 18446744073709551615 ok 18446744173709551615000000000 18446744173709551615000000000 0 1
Z 100000000000000000000 100000000000000000000 0 1 1000 1000
M 1 120439999999 err Slippage 100000000000000000000 100000000000000000000 0 1
Z 100000000000000000000 100000000000000000000 0 1 1000 1000
M 1 120440000000 ok 120440000000 220000000 220000000 110000000000000000000 220000000000000000000 0 2
Z 100000000000000000000 100000000000000000000 0 1 1000 1000
M 1 120440000001 ok 120440000000 220000000 220000000 110000000000000000000 220000000000000000000 0 2
Z 100000000000000000000 100000000000000000000 0 1 1000 1000
R 1 89639999999 ok 89640000000 180000000 180000000 100000000000000000000 0 0 0
Z 100000000000000000000 100000000000000000000 0 1 1000 1000
R 1 89640000000 ok 89640000000 180000000 180000000 100000000000000000000 0 0 0
Z 100000000000000000000 100000000000000000000 0 1 1000 1000
R 1 89640000001 err Slippage 100000000000000000000 100000000000000000000 0 1
Z 100000000000000000000 100000000000000000000 0 1 1000 1000
M 7 1264759999999 err Slippage 100000000000000000000 100000000000000000000 0 1
Z 100000000000000000000 100000000000000000000 0 1 1000 1000
M 7 1264760000000 ok 1264760000000 2380000000 2380000000 170000000000000000000 1360000000000000000000 0 8
Z 100000000000000000000 100000000000000000000 0 1 1000 1000
M 7 1264760000001 ok 1264760000000 2380000000 2380000000 170000000000000000000 1360000000000000000000 0 8
Z 100000000000000000000 100000000000000000000 0 1 200 100
M 0 18446744073709551615 err ZeroAmount 100000000000000000000 100000000000000000000 0 1
Z 100000000000000000000 100000000000000000000 0 1 200 100
R 0 0 err ZeroAmount 100000000000000000000 100000000000000000000 0 1
Z 100000000000000000000 100000000000000000000 0 1 200 100
M 1 18446744073709551615 ok 102404000000 202000000 202000000 101000000000000000000 202000000000000000000 0 2
Z 100000000000000000000 100000000000000000000 0 1 200 100
R 1 0 ok 97608000000 196000000 196000000 100000000000000000000 0 0 0
Z 100000000000000000000 100000000000000000000 0 1 200 100
M 2 18446744073709551615 ok 206816000000 408000000 408000000 102000000000000000000 306000000000000000000 0 3
Z 100000000000000000000 100000000000000000000 0 1 200 100
R 2 0 err ExceedsSupply 100000000000000000000 100000000000000000000 0 1
Z 100000000000000000000 100000000000000000000 0 1 200 100
M 18446744073709551614 18446744073709551615 err Overflow|Slippage 100000000000000000000 100000000000000000000 0 1
Z 100000000000000000000 100000000000000000000 0 1 200 100
R 18446744073709551614 0 err ExceedsSupply 100000000000000000000 100000000000000000000 0 1
Z 100000000000000000000 100000000000000000000 0 1 200 100
M 18446744073709551615 18446744073709551615 err Overflow|Slippage 100000000000000000000 100000000000000000000 0 1
Z 100000000000000000000 100000000000000000000 0 1 200 100
R 18446744073709551615 0 err ExceedsSupply 100000000000000000000 100000000000000000000 0 1
Z 100000000000000000000 100000000000000000000 0 1 200 100
D 0 err ZeroAmount 100000000000000000000 100000000000000000000 0 1
Z 100000000000000000000 100000000000000000000 0 1 200 100
D 1 ok 100000000001000000000 100000000001000000000 0 1
Z 100000000000000000000 100000000000000000000 0 1 200 100
D 2 ok 100000000002000000000 100000000002000000000 0 1
Z 100000000000000000000 100000000000000000000 0 1 200 100
D 18446744073709551614 ok 18446744173709551614000000000 18446744173709551614000000000 0 1
Z 100000000000000000000 100000000000000000000 0 1 200 100
D 18446744073709551615 ok 18446744173709551615000000000 18446744173709551615000000000 0 1
Z 100000000000000000000 100000000000000000000 0 1 200 100
M 1 102403999999 err Slippage 100000000000000000000 100000000000000000000 0 1
Z 100000000000000000000 100000000000000000000 0 1 200 100
M 1 102404000000 ok 102404000000 202000000 202000000 101000000000000000000 202000000000000000000 0 2
Z 100000000000000000000 100000000000000000000 0 1 200 100
M 1 102404000001 ok 102404000000 202000000 202000000 101000000000000000000 202000000000000000000 0 2
Z 100000000000000000000 100000000000000000000 0 1 200 100
R 1 97607999999 ok 97608000000 196000000 196000000 100000000000000000000 0 0 0
Z 100000000000000000000 100000000000000000000 0 1 200 100
R 1 97608000000 ok 97608000000 196000000 196000000 100000000000000000000 0 0 0
Z 100000000000000000000 100000000000000000000 0 1 200 100
R 1 97608000001 err Slippage 100000000000000000000 100000000000000000000 0 1
Z 100000000000000000000 100000000000000000000 0 1 200 100
M 7 758995999999 err Slippage 100000000000000000000 100000000000000000000 0 1
Z 100000000000000000000 100000000000000000000 0 1 200 100
M 7 758996000000 ok 758996000000 1498000000 1498000000 107000000000000000000 856000000000000000000 0 8
Z 100000000000000000000 100000000000000000000 0 1 200 100
M 7 758996000001 ok 758996000000 1498000000 1498000000 107000000000000000000 856000000000000000000 0 8
Z 100000000000000000000 200000000000000000000 0 2 100 0
M 0 18446744073709551615 err ZeroAmount 100000000000000000000 200000000000000000000 0 2
Z 100000000000000000000 200000000000000000000 0 2 100 0
R 0 0 err ZeroAmount 100000000000000000000 200000000000000000000 0 2
Z 100000000000000000000 200000000000000000000 0 2 100 0
M 1 18446744073709551615 ok 100400000000 200000000 200000000 100000000000000000000 300000000000000000000 0 3
Z 100000000000000000000 200000000000000000000 0 2 100 0
R 1 0 ok 98604000000 198000000 198000000 101000000000000000000 101000000000000000000 0 1
Z 100000000000000000000 200000000000000000000 0 2 100 0
M 2 18446744073709551615 ok 200800000000 400000000 400000000 100000000000000000000 400000000000000000000 0 4
Z 100000000000000000000 200000000000000000000 0 2 100 0
R 2 0 ok 197208000000 396000000 396000000 100000000000000000000 0 0 0
Z 100000000000000000000 200000000000000000000 0 2 100 0
M 3 18446744073709551615 ok 301200000000 600000000 600000000 100000000000000000000 500000000000000000000 0 5
Z 100000000000000000000 200000000000000000000 0 2 100 0
R 3 0 err ExceedsSupply 100000000000000000000 200000000000000000000 0 2
Z 100000000000000000000 200000000000000000000 0 2 100 0
M 18446744073709551614 18446744073709551615 err Overflow|Slippage 100000000000000000000 200000000000000000000 0 2
Z 100000000000000000000 200000000000000000000 0 2 100 0
R 18446744073709551614 0 err ExceedsSupply 100000000000000000000 200000000000000000000 0 2
Z 100000000000000000000 200000000000000000000 0 2 100 0
M 18446744073709551615 18446744073709551615 err Overflow|Slippage 100000000000000000000 200000000000000000000 0 2
Z 100000000000000000000 200000000000000000000 0 2 100 0
R 18446744073709551615 0 err ExceedsSupply 100000000000000000000 200000000000000000000 0 2
Z 100000000000000000000 200000000000000000000 0 2 100 0
D 0 err ZeroAmount 100000000000000000000 200000000000000000000 0 2
Z 100000000000000000000 200000000000000000000 0 2 100 0
D 1 ok 100000000000500000000 200000000001000000000 0 2
Z 100000000000000000000 200000000000000000000 0 2 100 0
D 2 ok 100000000001000000000 200000000002000000000 0 2
Z 100000000000000000000 200000000000000000000 0 2 100 0
D 18446744073709551614 ok 9223372136854775807000000000 18446744273709551614000000000 0 2
Z 100000000000000000000 200000000000000000000 0 2 100 0
D 18446744073709551615 ok 9223372136854775807500000000 18446744273709551615000000000 0 2
Z 100000000000000000000 200000000000000000000 0 2 100 0
M 1 100399999999 err Slippage 100000000000000000000 200000000000000000000 0 2
Z 100000000000000000000 200000000000000000000 0 2 100 0
M 1 100400000000 ok 100400000000 200000000 200000000 100000000000000000000 300000000000000000000 0 3
Z 100000000000000000000 200000000000000000000 0 2 100 0
M 1 100400000001 ok 100400000000 200000000 200000000 100000000000000000000 300000000000000000000 0 3
Z 100000000000000000000 200000000000000000000 0 2 100 0
R 1 98603999999 ok 98604000000 198000000 198000000 101000000000000000000 101000000000000000000 0 1
Z 100000000000000000000 200000000000000000000 0 2 100 0
R 1 98604000000 ok 98604000000 198000000 198000000 101000000000000000000 101000000000000000000 0 1
Z 100000000000000000000 200000000000000000000 0 2 100 0
R 1 98604000001 err Slippage 100000000000000000000 200000000000000000000 0 2
Z 100000000000000000000 200000000000000000000 0 2 100 0
M 7 702799999999 err Slippage 100000000000000000000 200000000000000000000 0 2
Z 100000000000000000000 200000000000000000000 0 2 100 0
M 7 702800000000 ok 702800000000 1400000000 1400000000 100000000000000000000 900000000000000000000 0 9
Z 100000000000000000000 200000000000000000000 0 2 100 0
M 7 702800000001 ok 702800000000 1400000000 1400000000 100000000000000000000 900000000000000000000 0 9
Z 100000000000000000000 200000000000000000000 0 2 1000 1000
M 0 18446744073709551615 err ZeroAmount 100000000000000000000 200000000000000000000 0 2
Z 100000000000000000000 200000000000000000000 0 2 1000 1000
R 0 0 err ZeroAmount 100000000000000000000 200000000000000000000 0 2
Z 100000000000000000000 200000000000000000000 0 2 1000 1000
M 1 18446744073709551615 ok 115420000000 210000000 210000000 105000000000000000000 315000000000000000000 0 3
Z 100000000000000000000 200000000000000000000 0 2 1000 1000
R 1 0 ok 89640000000 180000000 180000000 110000000000000000000 110000000000000000000 0 1
Z 100000000000000000000 200000000000000000000 0 2 1000 1000
M 2 18446744073709551615 ok 240880000000 440000000 440000000 110000000000000000000 440000000000000000000 0 4
Z 100000000000000000000 200000000000000000000 0 2 1000 1000
R 2 0 ok 179280000000 360000000 360000000 100000000000000000000 0 0 0
Z 100000000000000000000 200000000000000000000 0 2 1000 1000
M 3 18446744073709551615 ok 376380000000 690000000 690000000 115000000000000000000 575000000000000000000 0 5
Z 100000000000000000000 200000000000000000000 0 2 1000 1000
R 3 0 err ExceedsSupply 100000000000000000000 200000000000000000000 0 2
Z 100000000000000000000 200000000000000000000 0 2 1000 1000
M 18446744073709551614 18446744073709551615 err Overflow|Slippage 100000000000000000000 200000000000000000000 0 2
Z 100000000000000000000 200000000000000000000 0 2 1000 1000
R 18446744073709551614 0 err ExceedsSupply 100000000000000000000 200000000000000000000 0 2
Z 100000000000000000000 200000000000000000000 0 2 1000 1000
M 18446744073709551615 18446744073709551615 err Overflow|Slippage 100000000000000000000 200000000000000000000 0 2
Z 100000000000000000000 200000000000000000000 0 2 1000 1000
R 18446744073709551615 0 err ExceedsSupply 100000000000000000000 200000000000000000000 0 2
Z 100000000000000000000 200000000000000000000 0 2 1000 1000
D 0 err ZeroAmount 100000000000000000000 200000000000000000000 0 2
Z 100000000000000000000 200000000000000000000 0 2 1000 1000
D 1 ok 100000000000500000000 200000000001000000000 0 2
Z 100000000000000000000 200000000000000000000 0 2 1000 1000
D 2 ok 100000000001000000000 200000000002000000000 0 2
Z 100000000000000000000 200000000000000000000 0 2 1000 1000
D 18446744073709551614 ok 9223372136854775807000000000 18446744273709551614000000000 0 2
Z 100000000000000000000 200000000000000000000 0 2 1000 1000
D 18446744073709551615 ok 9223372136854775807500000000 18446744273709551615000000000 0 2
Z 100000000000000000000 200000000000000000000 0 2 1000 1000
M 1 115419999999 err Slippage 100000000000000000000 200000000000000000000 0 2
Z 100000000000000000000 200000000000000000000 0 2 1000 1000
M 1 115420000000 ok 115420000000 210000000 210000000 105000000000000000000 315000000000000000000 0 3
Z 100000000000000000000 200000000000000000000 0 2 1000 1000
M 1 115420000001 ok 115420000000 210000000 210000000 105000000000000000000 315000000000000000000 0 3
Z 100000000000000000000 200000000000000000000 0 2 1000 1000
R 1 89639999999 ok 89640000000 180000000 180000000 110000000000000000000 110000000000000000000 0 1
Z 100000000000000000000 200000000000000000000 0 2 1000 1000
R 1 89640000000 ok 89640000000 180000000 180000000 110000000000000000000 110000000000000000000 0 1
Z 100000000000000000000 200000000000000000000 0 2 1000 1000
R 1 89640000001 err Slippage 100000000000000000000 200000000000000000000 0 2
Z 100000000000000000000 200000000000000000000 0 2 1000 1000
M 7 1018779999999 err Slippage 100000000000000000000 200000000000000000000 0 2
Z 100000000000000000000 200000000000000000000 0 2 1000 1000
M 7 1018780000000 ok 1018780000000 1890000000 1890000000 135000000000000000000 1215000000000000000000 0 9
Z 100000000000000000000 200000000000000000000 0 2 1000 1000
M 7 1018780000001 ok 1018780000000 1890000000 1890000000 135000000000000000000 1215000000000000000000 0 9
Z 100000000000000000000 200000000000000000000 0 2 200 100
M 0 18446744073709551615 err ZeroAmount 100000000000000000000 200000000000000000000 0 2
Z 100000000000000000000 200000000000000000000 0 2 200 100
R 0 0 err ZeroAmount 100000000000000000000 200000000000000000000 0 2
Z 100000000000000000000 200000000000000000000 0 2 200 100
M 1 18446744073709551615 ok 101902000000 201000000 201000000 100500000000000000000 301500000000000000000 0 3
Z 100000000000000000000 200000000000000000000 0 2 200 100
R 1 0 ok 97608000000 196000000 196000000 102000000000000000000 102000000000000000000 0 1
Z 100000000000000000000 200000000000000000000 0 2 200 100
M 2 18446744073709551615 ok 204808000000 404000000 404000000 101000000000000000000 404000000000000000000 0 4
Z 100000000000000000000 200000000000000000000 0 2 200 100
R 2 0 ok 195216000000 392000000 392000000 100000000000000000000 0 0 0
Z 100000000000000000000 200000000000000000000 0 2 200 100
M 3 18446744073709551615 ok 308718000000 609000000 609000000 101500000000000000000 507500000000000000000 0 5
Z 100000000000000000000 200000000000000000000 0 2 200 100
R 3 0 err ExceedsSupply 100000000000000000000 200000000000000000000 0 2
Z 100000000000000000000 200000000000000000000 0 2 200 100
M 18446744073709551614 18446744073709551615 err Overflow|Slippage 100000000000000000000 200000000000000000000 0 2
Z 100000000000000000000 200000000000000000000 0 2 200 100
R 18446744073709551614 0 err ExceedsSupply 100000000000000000000 200000000000000000000 0 2
Z 100000000000000000000 200000000000000000000 0 2 200 100
M 18446744073709551615 18446744073709551615 err Overflow|Slippage 100000000000000000000 200000000000000000000 0 2
Z 100000000000000000000 200000000000000000000 0 2 200 100
R 18446744073709551615 0 err ExceedsSupply 100000000000000000000 200000000000000000000 0 2
Z 100000000000000000000 200000000000000000000 0 2 200 100
D 0 err ZeroAmount 100000000000000000000 200000000000000000000 0 2
Z 100000000000000000000 200000000000000000000 0 2 200 100
D 1 ok 100000000000500000000 200000000001000000000 0 2
Z 100000000000000000000 200000000000000000000 0 2 200 100
D 2 ok 100000000001000000000 200000000002000000000 0 2
Z 100000000000000000000 200000000000000000000 0 2 200 100
D 18446744073709551614 ok 9223372136854775807000000000 18446744273709551614000000000 0 2
Z 100000000000000000000 200000000000000000000 0 2 200 100
D 18446744073709551615 ok 9223372136854775807500000000 18446744273709551615000000000 0 2
Z 100000000000000000000 200000000000000000000 0 2 200 100
M 1 101901999999 err Slippage 100000000000000000000 200000000000000000000 0 2
Z 100000000000000000000 200000000000000000000 0 2 200 100
M 1 101902000000 ok 101902000000 201000000 201000000 100500000000000000000 301500000000000000000 0 3
Z 100000000000000000000 200000000000000000000 0 2 200 100
M 1 101902000001 ok 101902000000 201000000 201000000 100500000000000000000 301500000000000000000 0 3
Z 100000000000000000000 200000000000000000000 0 2 200 100
R 1 97607999999 ok 97608000000 196000000 196000000 102000000000000000000 102000000000000000000 0 1
Z 100000000000000000000 200000000000000000000 0 2 200 100
R 1 97608000000 ok 97608000000 196000000 196000000 102000000000000000000 102000000000000000000 0 1
Z 100000000000000000000 200000000000000000000 0 2 200 100
R 1 97608000001 err Slippage 100000000000000000000 200000000000000000000 0 2
Z 100000000000000000000 200000000000000000000 0 2 200 100
M 7 734397999999 err Slippage 100000000000000000000 200000000000000000000 0 2
Z 100000000000000000000 200000000000000000000 0 2 200 100
M 7 734398000000 ok 734398000000 1449000000 1449000000 103500000000000000000 931500000000000000000 0 9
Z 100000000000000000000 200000000000000000000 0 2 200 100
M 7 734398000001 ok 734398000000 1449000000 1449000000 103500000000000000000 931500000000000000000 0 9
Z 100000000000000000000 300000000000000000000 0 3 100 0
M 0 18446744073709551615 err ZeroAmount 100000000000000000000 300000000000000000000 0 3
Z 100000000000000000000 300000000000000000000 0 3 100 0
R 0 0 err ZeroAmount 100000000000000000000 300000000000000000000 0 3
Z 100000000000000000000 300000000000000000000 0 3 100 0
M 1 18446744073709551615 ok 100400000000 200000000 200000000 100000000000000000000 400000000000000000000 0 4
Z 100000000000000000000 300000000000000000000 0 3 100 0
R 1 0 ok 98604000000 198000000 198000000 100500000000000000000 201000000000000000000 0 2
Z 100000000000000000000 300000000000000000000 0 3 100 0
M 2 18446744073709551615 ok 200800000000 400000000 400000000 100000000000000000000 500000000000000000000 0 5
Z 100000000000000000000 300000000000000000000 0 3 100 0
R 2 0 ok 197208000000 396000000 396000000 102000000000000000000 102000000000000000000 0 1
Z 100000000000000000000 300000000000000000000 0 3 100 0
M 3 18446744073709551615 ok 301200000000 600000000 600000000 100000000000000000000 600000000000000000000 0 6
Z 100000000000000000000 300000000000000000000 0 3 100 0
R 3 0 ok 295812000000 594000000 594000000 100000000000000000000 0 0 0
Z 100000000000000000000 300000000000000000000 0 3 100 0
M 4 18446744073709551615 ok 401600000000 800000000 800000000 100000000000000000000 700000000000000000000 0 7
Z 100000000000000000000 300000000000000000000 0 3 100 0
R 4 0 err ExceedsSupply 100000000000000000000 300000000000000000000 0 3
Z 100000000000000000000 300000000000000000000 0 3 100 0
M 18446744073709551614 18446744073709551615 err Overflow|Slippage 100000000000000000000 300000000000000000000 0 3
Z 100000000000000000000 300000000000000000000 0 3 100 0
R 18446744073709551614 0 err ExceedsSupply 100000000000000000000 300000000000000000000 0 3
Z 100000000000000000000 300000000000000000000 0 3 100 0
M 18446744073709551615 18446744073709551615 err Overflow|Slippage 100000000000000000000 300000000000000000000 0 3
Z 100000000000000000000 300000000000000000000 0 3 100 0
R 18446744073709551615 0 err ExceedsSupply 100000000000000000000 300000000000000000000 0 3
Z 100000000000000000000 300000000000000000000 0 3 100 0
D 0 err ZeroAmount 100000000000000000000 300000000000000000000 0 3
Z 100000000000000000000 300000000000000000000 0 3 100 0
D 1 ok 100000000000333333333 300000000000999999999 1 3
Z 100000000000000000000 300000000000000000000 0 3 100 0
D 2 ok 100000000000666666666 300000000001999999998 2 3
Z 100000000000000000000 300000000000000000000 0 3 100 0
D 18446744073709551614 ok 6148914791236517204666666666 18446744373709551613999999998 2 3
Z 100000000000000000000 300000000000000000000 0 3 100 0
D 18446744073709551615 ok 6148914791236517205000000000 18446744373709551615000000000 0 3
Z 100000000000000000000 300000000000000000000 0 3 100 0
M 1 100399999999 err Slippage 100000000000000000000 300000000000000000000 0 3
Z 100000000000000000000 300000000000000000000 0 3 100 0
M 1 100400000000 ok 100400000000 200000000 200000000 100000000000000000000 400000000000000000000 0 4
Z 100000000000000000000 300000000000000000000 0 3 100 0
M 1 100400000001 ok 100400000000 200000000 200000000 100000000000000000000 400000000000000000000 0 4
Z 100000000000000000000 300000000000000000000 0 3 100 0
R 1 98603999999 ok 98604000000 198000000 198000000 100500000000000000000 201000000000000000000 0 2
Z 100000000000000000000 300000000000000000000 0 3 100 0
R 1 98604000000 ok 98604000000 198000000 198000000 100500000000000000000 201000000000000000000 0 2
Z 100000000000000000000 300000000000000000000 0 3 100 0
R 1 98604000001 err Slippage 100000000000000000000 300000000000000000000 0 3
Z 100000000000000000000 300000000000000000000 0 3 100 0
M 7 702799999999 err Slippage 100000000000000000000 300000000000000000000 0 3
Z 100000000000000000000 300000000000000000000 0 3 100 0
M 7 702800000000 ok 702800000000 1400000000 1400000000 100000000000000000000 1000000000000000000000 0 10
Z 100000000000000000000 300000000000000000000 0 3 100 0
M 7 702800000001 ok 702800000000 1400000000 1400000000 100000000000000000000 1000000000000000000000 0 10
Z 100000000000000000000 300000000000000000000 0 3 1000 1000
M 0 18446744073709551615 err ZeroAmount 100000000000000000000 300000000000000000000 0 3
Z 100000000000000000000 300000000000000000000 0 3 1000 1000
R 0 0 err ZeroAmount 100000000000000000000 300000000000000000000 0 3
Z 100000000000000000000 300000000000000000000 0 3 1000 1000
M 1 18446744073709551615 ok 113746666667 206666667 206666666 103333333333500000000 413333333334000000000 0 4
Z 100000000000000000000 300000000000000000000 0 3 1000 1000
R 1 0 ok 89640000000 180000000 180000000 105000000000000000000 210000000000000000000 0 2
Z 100000000000000000000 300000000000000000000 0 3 1000 1000
M 2 18446744073709551615 ok 234186666667 426666667 426666666 106666666666800000000 533333333334000000000 0 5
Z 100000000000000000000 300000000000000000000 0 3 1000 1000
R 2 0 ok 179280000000 360000000 360000000 120000000000000000000 120000000000000000000 0 1
Z 100000000000000000000 300000000000000000000 0 3 1000 1000
M 3 18446744073709551615 ok 361320000000 660000000 660000000 110000000000000000000 660000000000000000000 0 6
Z 100000000000000000000 300000000000000000000 0 3 1000 1000
R 3 0 ok 268920000000 540000000 540000000 100000000000000000000 0 0 0
Z 100000000000000000000 300000000000000000000 0 3 1000 1000
M 4 18446744073709551615 ok 495146666667 906666667 906666666 113333333333428571428 793333333333999999996 4 7
Z 100000000000000000000 300000000000000000000 0 3 1000 1000
R 4 0 err ExceedsSupply 100000000000000000000 300000000000000000000 0 3
Z 100000000000000000000 300000000000000000000 0 3 1000 1000
M 18446744073709551614 18446744073709551615 err Overflow|Slippage 100000000000000000000 300000000000000000000 0 3
Z 100000000000000000000 300000000000000000000 0 3 1000 1000
R 18446744073709551614 0 err ExceedsSupply 100000000000000000000 300000000000000000000 0 3
Z 100000000000000000000 300000000000000000000 0 3 1000 1000
M 18446744073709551615 18446744073709551615 err Overflow|Slippage 100000000000000000000 300000000000000000000 0 3
Z 100000000000000000000 300000000000000000000 0 3 1000 1000
R 18446744073709551615 0 err ExceedsSupply 100000000000000000000 300000000000000000000 0 3
Z 100000000000000000000 300000000000000000000 0 3 1000 1000
D 0 err ZeroAmount 100000000000000000000 300000000000000000000 0 3
Z 100000000000000000000 300000000000000000000 0 3 1000 1000
D 1 ok 100000000000333333333 300000000000999999999 1 3
Z 100000000000000000000 300000000000000000000 0 3 1000 1000
D 2 ok 100000000000666666666 300000000001999999998 2 3
Z 100000000000000000000 300000000000000000000 0 3 1000 1000
D 18446744073709551614 ok 6148914791236517204666666666 18446744373709551613999999998 2 3
Z 100000000000000000000 300000000000000000000 0 3 1000 1000
D 18446744073709551615 ok 6148914791236517205000000000 18446744373709551615000000000 0 3
Z 100000000000000000000 300000000000000000000 0 3 1000 1000
M 1 113746666666 err Slippage 100000000000000000000 300000000000000000000 0 3
Z 100000000000000000000 300000000000000000000 0 3 1000 1000
M 1 113746666667 ok 113746666667 206666667 206666666 103333333333500000000 413333333334000000000 0 4
Z 100000000000000000000 300000000000000000000 0 3 1000 1000
M 1 113746666668 ok 113746666667 206666667 206666666 103333333333500000000 413333333334000000000 0 4
Z 100000000000000000000 300000000000000000000 0 3 1000 1000
R 1 89639999999 ok 89640000000 180000000 180000000 105000000000000000000 210000000000000000000 0 2
Z 100000000000000000000 300000000000000000000 0 3 1000 1000
R 1 89640000000 ok 89640000000 180000000 180000000 105000000000000000000 210000000000000000000 0 2
Z 100000000000000000000 300000000000000000000 0 3 1000 1000
R 1 89640000001 err Slippage 100000000000000000000 300000000000000000000 0 3
Z 100000000000000000000 300000000000000000000 0 3 1000 1000
M 7 936786666666 err Slippage 100000000000000000000 300000000000000000000 0 3
Z 100000000000000000000 300000000000000000000 0 3 1000 1000
M 7 936786666667 ok 936786666667 1726666667 1726666666 123333333333400000000 1233333333334000000000 0 10
Z 100000000000000000000 300000000000000000000 0 3 1000 1000
M 7 936786666668 ok 936786666667 1726666667 1726666666 123333333333400000000 1233333333334000000000 0 10
Z 100000000000000000000 300000000000000000000 0 3 200 100
M 0 18446744073709551615 err ZeroAmount 100000000000000000000 300000000000000000000 0 3
Z 100000000000000000000 300000000000000000000 0 3 200 100
R 0 0 err ZeroAmount 100000000000000000000 300000000000000000000 0 3
Z 100000000000000000000 300000000000000000000 0 3 200 100
M 1 18446744073709551615 ok 101734666667 200666667 200666666 100333333333500000000 401333333334000000000 0 4
Z 100000000000000000000 300000000000000000000 0 3 200 100
R 1 0 ok 97608000000 196000000 196000000 101000000000000000000 202000000000000000000 0 2
Z 100000000000000000000 300000000000000000000 0 3 200 100
M 2 18446744073709551615 ok 204138666667 402666667 402666666 100666666666800000000 503333333334000000000 0 5
Z 100000000000000000000 300000000000000000000 0 3 200 100
R 2 0 ok 195216000000 392000000 392000000 104000000000000000000 104000000000000000000 0 1
Z 100000000000000000000 300000000000000000000 0 3 200 100
M 3 18446744073709551615 ok 307212000000 606000000 606000000 101000000000000000000 606000000000000000000 0 6
Z 100000000000000000000 300000000000000000000 0 3 200 100
R 3 0 ok 292824000000 588000000 588000000 100000000000000000000 0 0 0
Z 100000000000000000000 300000000000000000000 0 3 200 100
M 4 18446744073709551615 ok 410954666667 810666667 810666666 101333333333428571428 709333333333999999996 4 7
Z 100000000000000000000 300000000000000000000 0 3 200 100
R 4 0 err ExceedsSupply 100000000000000000000 300000000000000000000 0 3
Z 100000000000000000000 300000000000000000000 0 3 200 100
M 18446744073709551614 18446744073709551615 err Overflow|Slippage 100000000000000000000 300000000000000000000 0 3
Z 100000000000000000000 300000000000000000000 0 3 200 100
R 18446744073709551614 0 err ExceedsSupply 100000000000000000000 300000000000000000000 0 3
Z 100000000000000000000 300000000000000000000 0 3 200 100
M 18446744073709551615 18446744073709551615 err Overflow|Slippage 100000000000000000000 300000000000000000000 0 3
Z 100000000000000000000 300000000000000000000 0 3 200 100
R 18446744073709551615 0 err ExceedsSupply 100000000000000000000 300000000000000000000 0 3
Z 100000000000000000000 300000000000000000000 0 3 200 100
D 0 err ZeroAmount 100000000000000000000 300000000000000000000 0 3
Z 100000000000000000000 300000000000000000000 0 3 200 100
D 1 ok 100000000000333333333 300000000000999999999 1 3
Z 100000000000000000000 300000000000000000000 0 3 200 100
D 2 ok 100000000000666666666 300000000001999999998 2 3
Z 100000000000000000000 300000000000000000000 0 3 200 100
D 18446744073709551614 ok 6148914791236517204666666666 18446744373709551613999999998 2 3
Z 100000000000000000000 300000000000000000000 0 3 200 100
D 18446744073709551615 ok 6148914791236517205000000000 18446744373709551615000000000 0 3
Z 100000000000000000000 300000000000000000000 0 3 200 100
M 1 101734666666 err Slippage 100000000000000000000 300000000000000000000 0 3
Z 100000000000000000000 300000000000000000000 0 3 200 100
M 1 101734666667 ok 101734666667 200666667 200666666 100333333333500000000 401333333334000000000 0 4
Z 100000000000000000000 300000000000000000000 0 3 200 100
M 1 101734666668 ok 101734666667 200666667 200666666 100333333333500000000 401333333334000000000 0 4
Z 100000000000000000000 300000000000000000000 0 3 200 100
R 1 97607999999 ok 97608000000 196000000 196000000 101000000000000000000 202000000000000000000 0 2
Z 100000000000000000000 300000000000000000000 0 3 200 100
R 1 97608000000 ok 97608000000 196000000 196000000 101000000000000000000 202000000000000000000 0 2
Z 100000000000000000000 300000000000000000000 0 3 200 100
R 1 97608000001 err Slippage 100000000000000000000 300000000000000000000 0 3
Z 100000000000000000000 300000000000000000000 0 3 200 100
M 7 726198666666 err Slippage 100000000000000000000 300000000000000000000 0 3
Z 100000000000000000000 300000000000000000000 0 3 200 100
M 7 726198666667 ok 726198666667 1432666667 1432666666 102333333333400000000 1023333333334000000000 0 10
Z 100000000000000000000 300000000000000000000 0 3 200 100
M 7 726198666668 ok 726198666667 1432666667 1432666666 102333333333400000000 1023333333334000000000 0 10
Z 100000000000000000000 100000000000000000000000000000 0 1000000000 100 0
M 0 18446744073709551615 err ZeroAmount 100000000000000000000 100000000000000000000000000000 0 1000000000
Z 100000000000000000000 100000000000000000000000000000 0 1000000000 100 0
R 0 0 err ZeroAmount 100000000000000000000 100000000000000000000000000000 0 1000000000
Z 100000000000000000000 100000000000000000000000000000 0 1000000000 100 0
M 1 18446744073709551615 ok 100400000000 200000000 200000000 100000000000000000000 100000000100000000000000000000 0 1000000001
Z 100000000000000000000 100000000000000000000000000000 0 1000000000 100 0
R 1 0 ok 98604000000 198000000 198000000 100000000001000000001 99999999900999999999999999999 1 999999999
Z 100000000000000000000 100000000000000000000000000000 0 1000000000 100 0
M 2 18446744073709551615 ok 200800000000 400000000 400000000 100000000000000000000 100000000200000000000000000000 0 1000000002
Z 100000000000000000000 100000000000000000000000000000 0 1000000000 100 0
R 2 0 ok 197208000000 396000000 396000000 100000000002000000004 99999999801999999999999999992 8 999999998
Z 100000000000000000000 100000000000000000000000000000 0 1000000000 100 0
M 999999999 18446744073709551615 err Overflow|Slippage 100000000000000000000 100000000000000000000000000000 0 1000000000
Z 100000000000000000000 100000000000000000000000000000 0 1000000000 100 0
R 999999999 0 err Overflow 100000000000000000000 100000000000000000000000000000 0 1000000000
Z 100000000000000000000 100000000000000000000000000000 0 1000000000 100 0
M 1000000000 18446744073709551615 err Overflow|Slippage 100000000000000000000 100000000000000000000000000000 0 1000000000
Z 100000000000000000000 100000000000000000000000000000 0 1000000000 100 0
R 1000000000 0 err Overflow 100000000000000000000 100000000000000000000000000000 0 1000000000
Z 100000000000000000000 100000000000000000000000000000 0 1000000000 100 0
M 1000000001 18446744073709551615 err Overflow|Slippage 100000000000000000000 100000000000000000000000000000 0 1000000000
Z 100000000000000000000 100000000000000000000000000000 0 1000000000 100 0
R 1000000001 0 err ExceedsSupply 100000000000000000000 100000000000000000000000000000 0 1000000000
Z 100000000000000000000 100000000000000000000000000000 0 1000000000 100 0
M 18446744073709551614 18446744073709551615 err Overflow|Slippage 100000000000000000000 100000000000000000000000000000 0 1000000000
Z 100000000000000000000 100000000000000000000000000000 0 1000000000 100 0
R 18446744073709551614 0 err ExceedsSupply 100000000000000000000 100000000000000000000000000000 0 1000000000
Z 100000000000000000000 100000000000000000000000000000 0 1000000000 100 0
M 18446744073709551615 18446744073709551615 err Overflow|Slippage 100000000000000000000 100000000000000000000000000000 0 1000000000
Z 100000000000000000000 100000000000000000000000000000 0 1000000000 100 0
R 18446744073709551615 0 err ExceedsSupply 100000000000000000000 100000000000000000000000000000 0 1000000000
Z 100000000000000000000 100000000000000000000000000000 0 1000000000 100 0
D 0 err ZeroAmount 100000000000000000000 100000000000000000000000000000 0 1000000000
Z 100000000000000000000 100000000000000000000000000000 0 1000000000 100 0
D 1 ok 100000000000000000001 100000000000000000001000000000 0 1000000000
Z 100000000000000000000 100000000000000000000000000000 0 1000000000 100 0
D 2 ok 100000000000000000002 100000000000000000002000000000 0 1000000000
Z 100000000000000000000 100000000000000000000000000000 0 1000000000 100 0
D 18446744073709551614 ok 118446744073709551614 118446744073709551614000000000 0 1000000000
Z 100000000000000000000 100000000000000000000000000000 0 1000000000 100 0
D 18446744073709551615 ok 118446744073709551615 118446744073709551615000000000 0 1000000000
Z 100000000000000000000 100000000000000000000000000000 0 1000000000 100 0
M 1 100399999999 err Slippage 100000000000000000000 100000000000000000000000000000 0 1000000000
Z 100000000000000000000 100000000000000000000000000000 0 1000000000 100 0
M 1 100400000000 ok 100400000000 200000000 200000000 100000000000000000000 100000000100000000000000000000 0 1000000001
Z 100000000000000000000 100000000000000000000000000000 0 1000000000 100 0
M 1 100400000001 ok 100400000000 200000000 200000000 100000000000000000000 100000000100000000000000000000 0 1000000001
Z 100000000000000000000 100000000000000000000000000000 0 1000000000 100 0
R 1 98603999999 ok 98604000000 198000000 198000000 100000000001000000001 99999999900999999999999999999 1 999999999
Z 100000000000000000000 100000000000000000000000000000 0 1000000000 100 0
R 1 98604000000 ok 98604000000 198000000 198000000 100000000001000000001 99999999900999999999999999999 1 999999999
Z 100000000000000000000 100000000000000000000000000000 0 1000000000 100 0
R 1 98604000001 err Slippage 100000000000000000000 100000000000000000000000000000 0 1000000000
Z 100000000000000000000 100000000000000000000000000000 0 1000000000 100 0
M 7 702799999999 err Slippage 100000000000000000000 100000000000000000000000000000 0 1000000000
Z 100000000000000000000 100000000000000000000000000000 0 1000000000 100 0
M 7 702800000000 ok 702800000000 1400000000 1400000000 100000000000000000000 100000000700000000000000000000 0 1000000007
Z 100000000000000000000 100000000000000000000000000000 0 1000000000 100 0
M 7 702800000001 ok 702800000000 1400000000 1400000000 100000000000000000000 100000000700000000000000000000 0 1000000007
Z 100000000000000000000 100000000000000000000000000000 0 1000000000 100 0
R 7 690227999999 ok 690228000000 1386000000 1386000000 100000000007000000049 99999999306999999999999999657 343 999999993
Z 100000000000000000000 100000000000000000000000000000 0 1000000000 100 0
R 7 690228000000 ok 690228000000 1386000000 1386000000 100000000007000000049 99999999306999999999999999657 343 999999993
Z 100000000000000000000 100000000000000000000000000000 0 1000000000 100 0
R 7 690228000001 err Slippage 100000000000000000000 100000000000000000000000000000 0 1000000000
Z 100000000000000000000 100000000000000000000000000000 0 1000000000 1000 1000
M 0 18446744073709551615 err ZeroAmount 100000000000000000000 100000000000000000000000000000 0 1000000000
Z 100000000000000000000 100000000000000000000000000000 0 1000000000 1000 1000
R 0 0 err ZeroAmount 100000000000000000000 100000000000000000000000000000 0 1000000000
Z 100000000000000000000 100000000000000000000000000000 0 1000000000 1000 1000
M 1 18446744073709551615 ok 110400000010 200000000 200000000 100000000010000000000 100000000110000000010000000000 0 1000000001
Z 100000000000000000000 100000000000000000000000000000 0 1000000000 1000 1000
R 1 0 ok 89640000000 180000000 180000000 100000000010000000010 99999999909999999999999999990 10 999999999
Z 100000000000000000000 100000000000000000000000000000 0 1000000000 1000 1000
M 2 18446744073709551615 ok 220800000040 400000000 400000000 100000000020000000000 100000000220000000040000000000 0 1000000002
Z 100000000000000000000 100000000000000000000000000000 0 1000000000 1000 1000
R 2 0 ok 179280000000 360000000 360000000 100000000020000000040 99999999819999999999999999920 80 999999998
Z 100000000000000000000 100000000000000000000000000000 0 1000000000 1000 1000
M 999999999 18446744073709551615 err Overflow|Slippage 100000000000000000000 100000000000000000000000000000 0 1000000000
Z 100000000000000000000 100000000000000000000000000000 0 1000000000 1000 1000
R 999999999 0 err Overflow 100000000000000000000 100000000000000000000000000000 0 1000000000
Z 100000000000000000000 100000000000000000000000000000 0 1000000000 1000 1000
M 1000000000 18446744073709551615 err Overflow|Slippage 100000000000000000000 100000000000000000000000000000 0 1000000000
Z 100000000000000000000 100000000000000000000000000000 0 1000000000 1000 1000
R 1000000000 0 err Overflow 100000000000000000000 100000000000000000000000000000 0 1000000000
Z 100000000000000000000 100000000000000000000000000000 0 1000000000 1000 1000
M 1000000001 18446744073709551615 err Overflow|Slippage 100000000000000000000 100000000000000000000000000000 0 1000000000
Z 100000000000000000000 100000000000000000000000000000 0 1000000000 1000 1000
R 1000000001 0 err ExceedsSupply 100000000000000000000 100000000000000000000000000000 0 1000000000
Z 100000000000000000000 100000000000000000000000000000 0 1000000000 1000 1000
M 18446744073709551614 18446744073709551615 err Overflow|Slippage 100000000000000000000 100000000000000000000000000000 0 1000000000
Z 100000000000000000000 100000000000000000000000000000 0 1000000000 1000 1000
R 18446744073709551614 0 err ExceedsSupply 100000000000000000000 100000000000000000000000000000 0 1000000000
Z 100000000000000000000 100000000000000000000000000000 0 1000000000 1000 1000
M 18446744073709551615 18446744073709551615 err Overflow|Slippage 100000000000000000000 100000000000000000000000000000 0 1000000000
Z 100000000000000000000 100000000000000000000000000000 0 1000000000 1000 1000
R 18446744073709551615 0 err ExceedsSupply 100000000000000000000 100000000000000000000000000000 0 1000000000
Z 100000000000000000000 100000000000000000000000000000 0 1000000000 1000 1000
D 0 err ZeroAmount 100000000000000000000 100000000000000000000000000000 0 1000000000
Z 100000000000000000000 100000000000000000000000000000 0 1000000000 1000 1000
D 1 ok 100000000000000000001 100000000000000000001000000000 0 1000000000
Z 100000000000000000000 100000000000000000000000000000 0 1000000000 1000 1000
D 2 ok 100000000000000000002 100000000000000000002000000000 0 1000000000
Z 100000000000000000000 100000000000000000000000000000 0 1000000000 1000 1000
D 18446744073709551614 ok 118446744073709551614 118446744073709551614000000000 0 1000000000
Z 100000000000000000000 100000000000000000000000000000 0 1000000000 1000 1000
D 18446744073709551615 ok 118446744073709551615 118446744073709551615000000000 0 1000000000
Z 100000000000000000000 100000000000000000000000000000 0 1000000000 1000 1000
M 1 110400000009 err Slippage 100000000000000000000 100000000000000000000000000000 0 1000000000
Z 100000000000000000000 100000000000000000000000000000 0 1000000000 1000 1000
M 1 110400000010 ok 110400000010 200000000 200000000 100000000010000000000 100000000110000000010000000000 0 1000000001
Z 100000000000000000000 100000000000000000000000000000 0 1000000000 1000 1000
M 1 110400000011 ok 110400000010 200000000 200000000 100000000010000000000 100000000110000000010000000000 0 1000000001
Z 100000000000000000000 100000000000000000000000000000 0 1000000000 1000 1000
R 1 89639999999 ok 89640000000 180000000 180000000 100000000010000000010 99999999909999999999999999990 10 999999999
Z 100000000000000000000 100000000000000000000000000000 0 1000000000 1000 1000
R 1 89640000000 ok 89640000000 180000000 180000000 100000000010000000010 99999999909999999999999999990 10 999999999
Z 100000000000000000000 100000000000000000000000000000 0 1000000000 1000 1000
R 1 89640000001 err Slippage 100000000000000000000 100000000000000000000000000000 0 1000000000
Z 100000000000000000000 100000000000000000000000000000 0 1000000000 1000 1000
M 7 772800000490 err Slippage 100000000000000000000 100000000000000000000000000000 0 1000000000
Z 100000000000000000000 100000000000000000000000000000 0 1000000000 1000 1000
M 7 772800000491 ok 772800000491 1400000001 1400000000 100000000070000000000 100000000770000000490000000000 0 1000000007
Z 100000000000000000000 100000000000000000000000000000 0 1000000000 1000 1000
M 7 772800000492 ok 772800000491 1400000001 1400000000 100000000070000000000 100000000770000000490000000000 0 1000000007
Z 100000000000000000000 100000000000000000000000000000 0 1000000000 1000 1000
R 7 627479999999 ok 627480000000 1260000000 1260000000 100000000070000000490 99999999369999999999999996570 3430 999999993
Z 100000000000000000000 100000000000000000000000000000 0 1000000000 1000 1000
R 7 627480000000 ok 627480000000 1260000000 1260000000 100000000070000000490 99999999369999999999999996570 3430 999999993
Z 100000000000000000000 100000000000000000000000000000 0 1000000000 1000 1000
R 7 627480000001 err Slippage 100000000000000000000 100000000000000000000000000000 0 1000000000
Z 100000000000000000000 100000000000000000000000000000 0 1000000000 200 100
M 0 18446744073709551615 err ZeroAmount 100000000000000000000 100000000000000000000000000000 0 1000000000
Z 100000000000000000000 100000000000000000000000000000 0 1000000000 200 100
R 0 0 err ZeroAmount 100000000000000000000 100000000000000000000000000000 0 1000000000
Z 100000000000000000000 100000000000000000000000000000 0 1000000000 200 100
M 1 18446744073709551615 ok 101400000001 200000000 200000000 100000000001000000000 100000000101000000001000000000 0 1000000001
Z 100000000000000000000 100000000000000000000000000000 0 1000000000 200 100
R 1 0 ok 97608000000 196000000 196000000 100000000002000000002 99999999901999999999999999998 2 999999999
Z 100000000000000000000 100000000000000000000000000000 0 1000000000 200 100
M 2 18446744073709551615 ok 202800000004 400000000 400000000 100000000002000000000 100000000202000000004000000000 0 1000000002
Z 100000000000000000000 100000000000000000000000000000 0 1000000000 200 100
R 2 0 ok 195216000000 392000000 392000000 100000000004000000008 99999999803999999999999999984 16 999999998
Z 100000000000000000000 100000000000000000000000000000 0 1000000000 200 100
M 999999999 18446744073709551615 err Overflow|Slippage 100000000000000000000 100000000000000000000000000000 0 1000000000
Z 100000000000000000000 100000000000000000000000000000 0 1000000000 200 100
R 999999999 0 err Overflow 100000000000000000000 100000000000000000000000000000 0 1000000000
Z 100000000000000000000 100000000000000000000000000000 0 1000000000 200 100
M 1000000000 18446744073709551615 err Overflow|Slippage 100000000000000000000 100000000000000000000000000000 0 1000000000
Z 100000000000000000000 100000000000000000000000000000 0 1000000000 200 100
R 1000000000 0 err Overflow 100000000000000000000 100000000000000000000000000000 0 1000000000
Z 100000000000000000000 100000000000000000000000000000 0 1000000000 200 100
M 1000000001 18446744073709551615 err Overflow|Slippage 100000000000000000000 100000000000000000000000000000 0 1000000000
Z 100000000000000000000 100000000000000000000000000000 0 1000000000 200 100
R 1000000001 0 err ExceedsSupply 100000000000000000000 100000000000000000000000000000 0 1000000000
Z 100000000000000000000 100000000000000000000000000000 0 1000000000 200 100
M 18446744073709551614 18446744073709551615 err Overflow|Slippage 100000000000000000000 100000000000000000000000000000 0 1000000000
Z 100000000000000000000 100000000000000000000000000000 0 1000000000 200 100
R 18446744073709551614 0 err ExceedsSupply 100000000000000000000 100000000000000000000000000000 0 1000000000
Z 100000000000000000000 100000000000000000000000000000 0 1000000000 200 100
M 18446744073709551615 18446744073709551615 err Overflow|Slippage 100000000000000000000 100000000000000000000000000000 0 1000000000
Z 100000000000000000000 100000000000000000000000000000 0 1000000000 200 100
R 18446744073709551615 0 err ExceedsSupply 100000000000000000000 100000000000000000000000000000 0 1000000000
Z 100000000000000000000 100000000000000000000000000000 0 1000000000 200 100
D 0 err ZeroAmount 100000000000000000000 100000000000000000000000000000 0 1000000000
Z 100000000000000000000 100000000000000000000000000000 0 1000000000 200 100
D 1 ok 100000000000000000001 100000000000000000001000000000 0 1000000000
Z 100000000000000000000 100000000000000000000000000000 0 1000000000 200 100
D 2 ok 100000000000000000002 100000000000000000002000000000 0 1000000000
Z 100000000000000000000 100000000000000000000000000000 0 1000000000 200 100
D 18446744073709551614 ok 118446744073709551614 118446744073709551614000000000 0 1000000000
Z 100000000000000000000 100000000000000000000000000000 0 1000000000 200 100
D 18446744073709551615 ok 118446744073709551615 118446744073709551615000000000 0 1000000000
Z 100000000000000000000 100000000000000000000000000000 0 1000000000 200 100
M 1 101400000000 err Slippage 100000000000000000000 100000000000000000000000000000 0 1000000000
Z 100000000000000000000 100000000000000000000000000000 0 1000000000 200 100
M 1 101400000001 ok 101400000001 200000000 200000000 100000000001000000000 100000000101000000001000000000 0 1000000001
Z 100000000000000000000 100000000000000000000000000000 0 1000000000 200 100
M 1 101400000002 ok 101400000001 200000000 200000000 100000000001000000000 100000000101000000001000000000 0 1000000001
Z 100000000000000000000 100000000000000000000000000000 0 1000000000 200 100
R 1 97607999999 ok 97608000000 196000000 196000000 100000000002000000002 99999999901999999999999999998 2 999999999
Z 100000000000000000000 100000000000000000000000000000 0 1000000000 200 100
R 1 97608000000 ok 97608000000 196000000 196000000 100000000002000000002 99999999901999999999999999998 2 999999999
Z 100000000000000000000 100000000000000000000000000000 0 1000000000 200 100
R 1 97608000001 err Slippage 100000000000000000000 100000000000000000000000000000 0 1000000000
Z 100000000000000000000 100000000000000000000000000000 0 1000000000 200 100
M 7 709800000048 err Slippage 100000000000000000000 100000000000000000000000000000 0 1000000000
Z 100000000000000000000 100000000000000000000000000000 0 1000000000 200 100
M 7 709800000049 ok 709800000049 1400000000 1400000000 100000000007000000000 100000000707000000049000000000 0 1000000007
Z 100000000000000000000 100000000000000000000000000000 0 1000000000 200 100
M 7 709800000050 ok 709800000049 1400000000 1400000000 100000000007000000000 100000000707000000049000000000 0 1000000007
Z 100000000000000000000 100000000000000000000000000000 0 1000000000 200 100
R 7 683255999999 ok 683256000000 1372000000 1372000000 100000000014000000098 99999999313999999999999999314 686 999999993
Z 100000000000000000000 100000000000000000000000000000 0 1000000000 200 100
R 7 683256000000 ok 683256000000 1372000000 1372000000 100000000014000000098 99999999313999999999999999314 686 999999993
Z 100000000000000000000 100000000000000000000000000000 0 1000000000 200 100
R 7 683256000001 err Slippage 100000000000000000000 100000000000000000000000000000 0 1000000000
Z 100000000000000000000 100000000000000000000000000000000000 0 1000000000000000 100 0
M 0 18446744073709551615 err ZeroAmount 100000000000000000000 100000000000000000000000000000000000 0 1000000000000000
Z 100000000000000000000 100000000000000000000000000000000000 0 1000000000000000 100 0
R 0 0 err ZeroAmount 100000000000000000000 100000000000000000000000000000000000 0 1000000000000000
Z 100000000000000000000 100000000000000000000000000000000000 0 1000000000000000 100 0
M 1 18446744073709551615 ok 100400000000 200000000 200000000 100000000000000000000 100000000000000100000000000000000000 0 1000000000000001
Z 100000000000000000000 100000000000000000000000000000000000 0 1000000000000000 100 0
R 1 0 ok 98604000000 198000000 198000000 100000000000000001000 99999999999999900999999999999999000 1000 999999999999999
Z 100000000000000000000 100000000000000000000000000000000000 0 1000000000000000 100 0
M 2 18446744073709551615 ok 200800000000 400000000 400000000 100000000000000000000 100000000000000200000000000000000000 0 1000000000000002
Z 100000000000000000000 100000000000000000000000000000000000 0 1000000000000000 100 0
R 2 0 ok 197208000000 396000000 396000000 100000000000000002000 99999999999999801999999999999996000 4000 999999999999998
Z 100000000000000000000 100000000000000000000000000000000000 0 1000000000000000 100 0
M 999999999999999 18446744073709551615 err Overflow|Slippage 100000000000000000000 100000000000000000000000000000000000 0 1000000000000000
Z 100000000000000000000 100000000000000000000000000000000000 0 1000000000000000 100 0
R 999999999999999 0 err Overflow 100000000000000000000 100000000000000000000000000000000000 0 1000000000000000
Z 100000000000000000000 100000000000000000000000000000000000 0 1000000000000000 100 0
M 1000000000000000 18446744073709551615 err Overflow|Slippage 100000000000000000000 100000000000000000000000000000000000 0 1000000000000000
Z 100000000000000000000 100000000000000000000000000000000000 0 1000000000000000 100 0
R 1000000000000000 0 err Overflow 100000000000000000000 100000000000000000000000000000000000 0 1000000000000000
Z 100000000000000000000 100000000000000000000000000000000000 0 1000000000000000 100 0
M 1000000000000001 18446744073709551615 err Overflow|Slippage 100000000000000000000 100000000000000000000000000000000000 0 1000000000000000
Z 100000000000000000000 100000000000000000000000000000000000 0 1000000000000000 100 0
R 1000000000000001 0 err ExceedsSupply 100000000000000000000 100000000000000000000000000000000000 0 1000000000000000
Z 100000000000000000000 100000000000000000000000000000000000 0 1000000000000000 100 0
M 18446744073709551614 18446744073709551615 err Overflow|Slippage 100000000000000000000 100000000000000000000000000000000000 0 1000000000000000
Z 100000000000000000000 100000000000000000000000000000000000 0 1000000000000000 100 0
R 18446744073709551614 0 err ExceedsSupply 100000000000000000000 100000000000000000000000000000000000 0 1000000000000000
Z 100000000000000000000 100000000000000000000000000000000000 0 1000000000000000 100 0
M 18446744073709551615 18446744073709551615 err Overflow|Slippage 100000000000000000000 100000000000000000000000000000000000 0 1000000000000000
Z 100000000000000000000 100000000000000000000000000000000000 0 1000000000000000 100 0
R 18446744073709551615 0 err ExceedsSupply 100000000000000000000 100000000000000000000000000000000000 0 1000000000000000
Z 100000000000000000000 100000000000000000000000000000000000 0 1000000000000000 100 0
D 0 err ZeroAmount 100000000000000000000 100000000000000000000000000000000000 0 1000000000000000
Z 100000000000000000000 100000000000000000000000000000000000 0 1000000000000000 100 0
D 1 ok 100000000000000000000 100000000000000000000000000000000000 1000000000 1000000000000000
Z 100000000000000000000 100000000000000000000000000000000000 0 1000000000000000 100 0
D 2 ok 100000000000000000000 100000000000000000000000000000000000 2000000000 1000000000000000
Z 100000000000000000000 100000000000000000000000000000000000 0 1000000000000000 100 0
D 18446744073709551614 ok 100000018446744073709 100000018446744073709000000000000000 551614000000000 1000000000000000
Z 100000000000000000000 100000000000000000000000000000000000 0 1000000000000000 100 0
D 18446744073709551615 ok 100000018446744073709 100000018446744073709000000000000000 551615000000000 1000000000000000
Z 100000000000000000000 100000000000000000000000000000000000 0 1000000000000000 100 0
M 1 100399999999 err Slippage 100000000000000000000 100000000000000000000000000000000000 0 1000000000000000
Z 100000000000000000000 100000000000000000000000000000000000 0 1000000000000000 100 0
M 1 100400000000 ok 100400000000 200000000 200000000 100000000000000000000 100000000000000100000000000000000000 0 1000000000000001
Z 100000000000000000000 100000000000000000000000000000000000 0 1000000000000000 100 0
M 1 100400000001 ok 100400000000 200000000 200000000 100000000000000000000 100000000000000100000000000000000000 0 1000000000000001
Z 100000000000000000000 100000000000000000000000000000000000 0 1000000000000000 100 0
R 1 98603999999 ok 98604000000 198000000 198000000 100000000000000001000 99999999999999900999999999999999000 1000 999999999999999
Z 100000000000000000000 100000000000000000000000000000000000 0 1000000000000000 100 0
R 1 98604000000 ok 98604000000 198000000 198000000 100000000000000001000 99999999999999900999999999999999000 1000 999999999999999
Z 100000000000000000000 100000000000000000000000000000000000 0 1000000000000000 100 0
R 1 98604000001 err Slippage 100000000000000000000 100000000000000000000000000000000000 0 1000000000000000
Z 100000000000000000000 100000000000000000000000000000000000 0 1000000000000000 100 0
M 7 702799999999 err Slippage 100000000000000000000 100000000000000000000000000000000000 0 1000000000000000
Z 100000000000000000000 100000000000000000000000000000000000 0 1000000000000000 100 0
M 7 702800000000 ok 702800000000 1400000000 1400000000 100000000000000000000 100000000000000700000000000000000000 0 1000000000000007
Z 100000000000000000000 100000000000000000000000000000000000 0 1000000000000000 100 0
M 7 702800000001 ok 702800000000 1400000000 1400000000 100000000000000000000 100000000000000700000000000000000000 0 1000000000000007
Z 100000000000000000000 100000000000000000000000000000000000 0 1000000000000000 100 0
R 7 690227999999 ok 690228000000 1386000000 1386000000 100000000000000007000 99999999999999306999999999999951000 49000 999999999999993
Z 100000000000000000000 100000000000000000000000000000000000 0 1000000000000000 100 0
R 7 690228000000 ok 690228000000 1386000000 1386000000 100000000000000007000 99999999999999306999999999999951000 49000 999999999999993
Z 100000000000000000000 100000000000000000000000000000000000 0 1000000000000000 100 0
R 7 690228000001 err Slippage 100000000000000000000 100000000000000000000000000000000000 0 1000000000000000
Z 100000000000000000000 100000000000000000000000000000000000 0 1000000000000000 1000 1000
M 0 18446744073709551615 err ZeroAmount 100000000000000000000 100000000000000000000000000000000000 0 1000000000000000
Z 100000000000000000000 100000000000000000000000000000000000 0 1000000000000000 1000 1000
R 0 0 err ZeroAmount 100000000000000000000 100000000000000000000000000000000000 0 1000000000000000
Z 100000000000000000000 100000000000000000000000000000000000 0 1000000000000000 1000 1000
M 1 18446744073709551615 ok 110400000001 200000000 200000000 100000000000000010000 100000000000000110000000000000010000 999990000 1000000000000001
Z 100000000000000000000 100000000000000000000000000000000000 0 1000000000000000 1000 1000
R 1 0 ok 89640000000 180000000 180000000 100000000000000010000 99999999999999909999999999999990000 10000 999999999999999
Z 100000000000000000000 100000000000000000000000000000000000 0 1000000000000000 1000 1000
M 2 18446744073709551615 ok 220800000001 400000000 400000000 100000000000000020000 100000000000000220000000000000040000 999960000 1000000000000002
Z 100000000000000000000 100000000000000000000000000000000000 0 1000000000000000 1000 1000
R 2 0 ok 179280000000 360000000 360000000 100000000000000020000 99999999999999819999999999999960000 40000 999999999999998
Z 100000000000000000000 100000000000000000000000000000000000 0 1000000000000000 1000 1000
M 999999999999999 18446744073709551615 err Overflow|Slippage 100000000000000000000 100000000000000000000000000000000000 0 1000000000000000
Z 100000000000000000000 100000000000000000000000000000000000 0 1000000000000000 1000 1000
R 999999999999999 0 err Overflow 100000000000000000000 100000000000000000000000000000000000 0 1000000000000000
Z 100000000000000000000 100000000000000000000000000000000000 0 1000000000000000 1000 1000
M 1000000000000000 18446744073709551615 err Overflow|Slippage 100000000000000000000 100000000000000000000000000000000000 0 1000000000000000
Z 100000000000000000000 100000000000000000000000000000000000 0 1000000000000000 1000 1000
R 1000000000000000 0 err Overflow 100000000000000000000 100000000000000000000000000000000000 0 1000000000000000
Z 100000000000000000000 100000000000000000000000000000000000 0 1000000000000000 1000 1000
M 1000000000000001 18446744073709551615 err Overflow|Slippage 100000000000000000000 100000000000000000000000000000000000 0 1000000000000000
Z 100000000000000000000 100000000000000000000000000000000000 0 1000000000000000 1000 1000
R 1000000000000001 0 err ExceedsSupply 100000000000000000000 100000000000000000000000000000000000 0 1000000000000000
Z 100000000000000000000 100000000000000000000000000000000000 0 1000000000000000 1000 1000
M 18446744073709551614 18446744073709551615 err Overflow|Slippage 100000000000000000000 100000000000000000000000000000000000 0 1000000000000000
Z 100000000000000000000 100000000000000000000000000000000000 0 1000000000000000 1000 1000
R 18446744073709551614 0 err ExceedsSupply 100000000000000000000 100000000000000000000000000000000000 0 1000000000000000
Z 100000000000000000000 100000000000000000000000000000000000 0 1000000000000000 1000 1000
M 18446744073709551615 18446744073709551615 err Overflow|Slippage 100000000000000000000 100000000000000000000000000000000000 0 1000000000000000
Z 100000000000000000000 100000000000000000000000000000000000 0 1000000000000000 1000 1000
R 18446744073709551615 0 err ExceedsSupply 100000000000000000000 100000000000000000000000000000000000 0 1000000000000000
Z 100000000000000000000 100000000000000000000000000000000000 0 1000000000000000 1000 1000
D 0 err ZeroAmount 100000000000000000000 100000000000000000000000000000000000 0 1000000000000000
Z 100000000000000000000 100000000000000000000000000000000000 0 1000000000000000 1000 1000
D 1 ok 100000000000000000000 100000000000000000000000000000000000 1000000000 1000000000000000
Z 100000000000000000000 100000000000000000000000000000000000 0 1000000000000000 1000 1000
D 2 ok 100000000000000000000 100000000000000000000000000000000000 2000000000 1000000000000000
Z 100000000000000000000 100000000000000000000000000000000000 0 1000000000000000 1000 1000
D 18446744073709551614 ok 100000018446744073709 100000018446744073709000000000000000 551614000000000 1000000000000000
Z 100000000000000000000 100000000000000000000000000000000000 0 1000000000000000 1000 1000
D 18446744073709551615 ok 100000018446744073709 100000018446744073709000000000000000 551615000000000 1000000000000000
Z 100000000000000000000 100000000000000000000000000000000000 0 1000000000000000 1000 1000
M 1 110400000000 err Slippage 100000000000000000000 100000000000000000000000000000000000 0 1000000000000000
Z 100000000000000000000 100000000000000000000000000000000000 0 1000000000000000 1000 1000
M 1 110400000001 ok 110400000001 200000000 200000000 100000000000000010000 100000000000000110000000000000010000 999990000 1000000000000001
Z 100000000000000000000 100000000000000000000000000000000000 0 1000000000000000 1000 1000
M 1 110400000002 ok 110400000001 200000000 200000000 100000000000000010000 100000000000000110000000000000010000 999990000 1000000000000001
Z 100000000000000000000 100000000000000000000000000000000000 0 1000000000000000 1000 1000
R 1 89639999999 ok 89640000000 180000000 180000000 100000000000000010000 99999999999999909999999999999990000 10000 999999999999999
Z 100000000000000000000 100000000000000000000000000000000000 0 1000000000000000 1000 1000
R 1 89640000000 ok 89640000000 180000000 180000000 100000000000000010000 99999999999999909999999999999990000 10000 999999999999999
Z 100000000000000000000 100000000000000000000000000000000000 0 1000000000000000 1000 1000
R 1 89640000001 err Slippage 100000000000000000000 100000000000000000000000000000000000 0 1000000000000000
Z 100000000000000000000 100000000000000000000000000000000000 0 1000000000000000 1000 1000
M 7 772800000000 err Slippage 100000000000000000000 100000000000000000000000000000000000 0 1000000000000000
Z 100000000000000000000 100000000000000000000000000000000000 0 1000000000000000 1000 1000
M 7 772800000001 ok 772800000001 1400000000 1400000000 100000000000000070000 100000000000000770000000000000490000 999510000 1000000000000007
Z 100000000000000000000 100000000000000000000000000000000000 0 1000000000000000 1000 1000
M 7 772800000002 ok 772800000001 1400000000 1400000000 100000000000000070000 100000000000000770000000000000490000 999510000 1000000000000007
Z 100000000000000000000 100000000000000000000000000000000000 0 1000000000000000 1000 1000
R 7 627479999999 ok 627480000000 1260000000 1260000000 100000000000000070000 99999999999999369999999999999510000 490000 999999999999993
Z 100000000000000000000 100000000000000000000000000000000000 0 1000000000000000 1000 1000
R 7 627480000000 ok 627480000000 1260000000 1260000000 100000000000000070000 99999999999999369999999999999510000 490000 999999999999993
Z 100000000000000000000 100000000000000000000000000000000000 0 1000000000000000 1000 1000
R 7 627480000001 err Slippage 100000000000000000000 100000000000000000000000000000000000 0 1000000000000000
Z 100000000000000000000 100000000000000000000000000000000000 0 1000000000000000 200 100
M 0 18446744073709551615 err ZeroAmount 100000000000000000000 100000000000000000000000000000000000 0 1000000000000000
Z 100000000000000000000 100000000000000000000000000000000000 0 1000000000000000 200 100
R 0 0 err ZeroAmount 100000000000000000000 100000000000000000000000000000000000 0 1000000000000000
Z 100000000000000000000 100000000000000000000000000000000000 0 1000000000000000 200 100
M 1 18446744073709551615 ok 101400000001 200000000 200000000 100000000000000001000 100000000000000101000000000000001000 999999000 1000000000000001
Z 100000000000000000000 100000000000000000000000000000000000 0 1000000000000000 200 100
R 1 0 ok 97608000000 196000000 196000000 100000000000000002000 99999999999999901999999999999998000 2000 999999999999999
Z 100000000000000000000 100000000000000000000000000000000000 0 1000000000000000 200 100
M 2 18446744073709551615 ok 202800000001 400000000 400000000 100000000000000002000 100000000000000202000000000000004000 999996000 1000000000000002
Z 100000000000000000000 100000000000000000000000000000000000 0 1000000000000000 200 100
R 2 0 ok 195216000000 392000000 392000000 100000000000000004000 99999999999999803999999999999992000 8000 999999999999998
Z 100000000000000000000 100000000000000000000000000000000000 0 1000000000000000 200 100
M 999999999999999 18446744073709551615 err Overflow|Slippage 100000000000000000000 100000000000000000000000000000000000 0 1000000000000000
Z 100000000000000000000 100000000000000000000000000000000000 0 1000000000000000 200 100
R 999999999999999 0 err Overflow 100000000000000000000 100000000000000000000000000000000000 0 1000000000000000
Z 100000000000000000000 100000000000000000000000000000000000 0 1000000000000000 200 100
M 1000000000000000 18446744073709551615 err Overflow|Slippage 100000000000000000000 100000000000000000000000000000000000 0 1000000000000000
Z 100000000000000000000 100000000000000000000000000000000000 0 1000000000000000 200 100
R 1000000000000000 0 err Overflow 100000000000000000000 100000000000000000000000000000000000 0 1000000000000000
Z 100000000000000000000 100000000000000000000000000000000000 0 1000000000000000 200 100
M 1000000000000001 18446744073709551615 err Overflow|Slippage 100000000000000000000 100000000000000000000000000000000000 0 1000000000000000
Z 100000000000000000000 100000000000000000000000000000000000 0 1000000000000000 200 100
R 1000000000000001 0 err ExceedsSupply 100000000000000000000 100000000000000000000000000000000000 0 1000000000000000
Z 100000000000000000000 100000000000000000000000000000000000 0 1000000000000000 200 100
M 18446744073709551614 18446744073709551615 err Overflow|Slippage 100000000000000000000 100000000000000000000000000000000000 0 1000000000000000
Z 100000000000000000000 100000000000000000000000000000000000 0 1000000000000000 200 100
R 18446744073709551614 0 err ExceedsSupply 100000000000000000000 100000000000000000000000000000000000 0 1000000000000000
Z 100000000000000000000 100000000000000000000000000000000000 0 1000000000000000 200 100
M 18446744073709551615 18446744073709551615 err Overflow|Slippage 100000000000000000000 100000000000000000000000000000000000 0 1000000000000000
Z 100000000000000000000 100000000000000000000000000000000000 0 1000000000000000 200 100
R 18446744073709551615 0 err ExceedsSupply 100000000000000000000 100000000000000000000000000000000000 0 1000000000000000
Z 100000000000000000000 100000000000000000000000000000000000 0 1000000000000000 200 100
D 0 err ZeroAmount 100000000000000000000 100000000000000000000000000000000000 0 1000000000000000
Z 100000000000000000000 100000000000000000000000000000000000 0 1000000000000000 200 100
D 1 ok 100000000000000000000 100000000000000000000000000000000000 1000000000 1000000000000000
Z 100000000000000000000 100000000000000000000000000000000000 0 1000000000000000 200 100
D 2 ok 100000000000000000000 100000000000000000000000000000000000 2000000000 1000000000000000
Z 100000000000000000000 100000000000000000000000000000000000 0 1000000000000000 200 100
D 18446744073709551614 ok 100000018446744073709 100000018446744073709000000000000000 551614000000000 1000000000000000
Z 100000000000000000000 100000000000000000000000000000000000 0 1000000000000000 200 100
D 18446744073709551615 ok 100000018446744073709 100000018446744073709000000000000000 551615000000000 1000000000000000
Z 100000000000000000000 100000000000000000000000000000000000 0 1000000000000000 200 100
M 1 101400000000 err Slippage 100000000000000000000 100000000000000000000000000000000000 0 1000000000000000
Z 100000000000000000000 100000000000000000000000000000000000 0 1000000000000000 200 100
M 1 101400000001 ok 101400000001 200000000 200000000 100000000000000001000 100000000000000101000000000000001000 999999000 1000000000000001
Z 100000000000000000000 100000000000000000000000000000000000 0 1000000000000000 200 100
M 1 101400000002 ok 101400000001 200000000 200000000 100000000000000001000 100000000000000101000000000000001000 999999000 1000000000000001
Z 100000000000000000000 100000000000000000000000000000000000 0 1000000000000000 200 100
R 1 97607999999 ok 97608000000 196000000 196000000 100000000000000002000 99999999999999901999999999999998000 2000 999999999999999
Z 100000000000000000000 100000000000000000000000000000000000 0 1000000000000000 200 100
R 1 97608000000 ok 97608000000 196000000 196000000 100000000000000002000 99999999999999901999999999999998000 2000 999999999999999
Z 100000000000000000000 100000000000000000000000000000000000 0 1000000000000000 200 100
R 1 97608000001 err Slippage 100000000000000000000 100000000000000000000000000000000000 0 1000000000000000
Z 100000000000000000000 100000000000000000000000000000000000 0 1000000000000000 200 100
M 7 709800000000 err Slippage 100000000000000000000 100000000000000000000000000000000000 0 1000000000000000
Z 100000000000000000000 100000000000000000000000000000000000 0 1000000000000000 200 100
M 7 709800000001 ok 709800000001 1400000000 1400000000 100000000000000007000 100000000000000707000000000000049000 999951000 1000000000000007
Z 100000000000000000000 100000000000000000000000000000000000 0 1000000000000000 200 100
M 7 709800000002 ok 709800000001 1400000000 1400000000 100000000000000007000 100000000000000707000000000000049000 999951000 1000000000000007
Z 100000000000000000000 100000000000000000000000000000000000 0 1000000000000000 200 100
R 7 683255999999 ok 683256000000 1372000000 1372000000 100000000000000014000 99999999999999313999999999999902000 98000 999999999999993
Z 100000000000000000000 100000000000000000000000000000000000 0 1000000000000000 200 100
R 7 683256000000 ok 683256000000 1372000000 1372000000 100000000000000014000 99999999999999313999999999999902000 98000 999999999999993
Z 100000000000000000000 100000000000000000000000000000000000 0 1000000000000000 200 100
R 7 683256000001 err Slippage 100000000000000000000 100000000000000000000000000000000000 0 1000000000000000
Z 1267650600228229401496703205376 0 0 0 100 0
M 0 18446744073709551615 err ZeroAmount 1267650600228229401496703205376 0 0 0
Z 1267650600228229401496703205376 0 0 0 100 0
R 0 0 err ZeroAmount 1267650600228229401496703205376 0 0 0
Z 1267650600228229401496703205376 0 0 0 100 0
M 1 18446744073709551615 err Overflow|Slippage 1267650600228229401496703205376 0 0 0
Z 1267650600228229401496703205376 0 0 0 100 0
R 1 0 err ExceedsSupply 1267650600228229401496703205376 0 0 0
Z 1267650600228229401496703205376 0 0 0 100 0
M 2 18446744073709551615 err Overflow|Slippage 1267650600228229401496703205376 0 0 0
Z 1267650600228229401496703205376 0 0 0 100 0
R 2 0 err ExceedsSupply 1267650600228229401496703205376 0 0 0
Z 1267650600228229401496703205376 0 0 0 100 0
M 18446744073709551614 18446744073709551615 err Overflow|Slippage 1267650600228229401496703205376 0 0 0
Z 1267650600228229401496703205376 0 0 0 100 0
R 18446744073709551614 0 err ExceedsSupply 1267650600228229401496703205376 0 0 0
Z 1267650600228229401496703205376 0 0 0 100 0
M 18446744073709551615 18446744073709551615 err Overflow|Slippage 1267650600228229401496703205376 0 0 0
Z 1267650600228229401496703205376 0 0 0 100 0
R 18446744073709551615 0 err ExceedsSupply 1267650600228229401496703205376 0 0 0
Z 1267650600228229401496703205376 0 0 0 100 0
D 0 err ZeroAmount 1267650600228229401496703205376 0 0 0
Z 1267650600228229401496703205376 0 0 0 100 0
D 1 err NoHolders 1267650600228229401496703205376 0 0 0
Z 1267650600228229401496703205376 0 0 0 100 0
D 2 err NoHolders 1267650600228229401496703205376 0 0 0
Z 1267650600228229401496703205376 0 0 0 100 0
D 18446744073709551614 err NoHolders 1267650600228229401496703205376 0 0 0
Z 1267650600228229401496703205376 0 0 0 100 0
D 18446744073709551615 err NoHolders 1267650600228229401496703205376 0 0 0
Z 1267650600228229401496703205376 0 0 0 1000 1000
M 0 18446744073709551615 err ZeroAmount 1267650600228229401496703205376 0 0 0
Z 1267650600228229401496703205376 0 0 0 1000 1000
R 0 0 err ZeroAmount 1267650600228229401496703205376 0 0 0
Z 1267650600228229401496703205376 0 0 0 1000 1000
M 1 18446744073709551615 err Overflow|Slippage 1267650600228229401496703205376 0 0 0
Z 1267650600228229401496703205376 0 0 0 1000 1000
R 1 0 err ExceedsSupply 1267650600228229401496703205376 0 0 0
Z 1267650600228229401496703205376 0 0 0 1000 1000
M 2 18446744073709551615 err Overflow|Slippage 1267650600228229401496703205376 0 0 0
Z 1267650600228229401496703205376 0 0 0 1000 1000
R 2 0 err ExceedsSupply 1267650600228229401496703205376 0 0 0
Z 1267650600228229401496703205376 0 0 0 1000 1000
M 18446744073709551614 18446744073709551615 err Overflow|Slippage 1267650600228229401496703205376 0 0 0
Z 1267650600228229401496703205376 0 0 0 1000 1000
R 18446744073709551614 0 err ExceedsSupply 1267650600228229401496703205376 0 0 0
Z 1267650600228229401496703205376 0 0 0 1000 1000
M 18446744073709551615 18446744073709551615 err Overflow|Slippage 1267650600228229401496703205376 0 0 0
Z 1267650600228229401496703205376 0 0 0 1000 1000
R 18446744073709551615 0 err ExceedsSupply 1267650600228229401496703205376 0 0 0
Z 1267650600228229401496703205376 0 0 0 1000 1000
D 0 err ZeroAmount 1267650600228229401496703205376 0 0 0
Z 1267650600228229401496703205376 0 0 0 1000 1000
D 1 err NoHolders 1267650600228229401496703205376 0 0 0
Z 1267650600228229401496703205376 0 0 0 1000 1000
D 2 err NoHolders 1267650600228229401496703205376 0 0 0
Z 1267650600228229401496703205376 0 0 0 1000 1000
D 18446744073709551614 err NoHolders 1267650600228229401496703205376 0 0 0
Z 1267650600228229401496703205376 0 0 0 1000 1000
D 18446744073709551615 err NoHolders 1267650600228229401496703205376 0 0 0
Z 1267650600228229401496703205376 0 0 0 200 100
M 0 18446744073709551615 err ZeroAmount 1267650600228229401496703205376 0 0 0
Z 1267650600228229401496703205376 0 0 0 200 100
R 0 0 err ZeroAmount 1267650600228229401496703205376 0 0 0
Z 1267650600228229401496703205376 0 0 0 200 100
M 1 18446744073709551615 err Overflow|Slippage 1267650600228229401496703205376 0 0 0
Z 1267650600228229401496703205376 0 0 0 200 100
R 1 0 err ExceedsSupply 1267650600228229401496703205376 0 0 0
Z 1267650600228229401496703205376 0 0 0 200 100
M 2 18446744073709551615 err Overflow|Slippage 1267650600228229401496703205376 0 0 0
Z 1267650600228229401496703205376 0 0 0 200 100
R 2 0 err ExceedsSupply 1267650600228229401496703205376 0 0 0
Z 1267650600228229401496703205376 0 0 0 200 100
M 18446744073709551614 18446744073709551615 err Overflow|Slippage 1267650600228229401496703205376 0 0 0
Z 1267650600228229401496703205376 0 0 0 200 100
R 18446744073709551614 0 err ExceedsSupply 1267650600228229401496703205376 0 0 0
Z 1267650600228229401496703205376 0 0 0 200 100
M 18446744073709551615 18446744073709551615 err Overflow|Slippage 1267650600228229401496703205376 0 0 0
Z 1267650600228229401496703205376 0 0 0 200 100
R 18446744073709551615 0 err ExceedsSupply 1267650600228229401496703205376 0 0 0
Z 1267650600228229401496703205376 0 0 0 200 100
D 0 err ZeroAmount 1267650600228229401496703205376 0 0 0
Z 1267650600228229401496703205376 0 0 0 200 100
D 1 err NoHolders 1267650600228229401496703205376 0 0 0
Z 1267650600228229401496703205376 0 0 0 200 100
D 2 err NoHolders 1267650600228229401496703205376 0 0 0
Z 1267650600228229401496703205376 0 0 0 200 100
D 18446744073709551614 err NoHolders 1267650600228229401496703205376 0 0 0
Z 1267650600228229401496703205376 0 0 0 200 100
D 18446744073709551615 err NoHolders 1267650600228229401496703205376 0 0 0
